ns,bath_sites,matsubara_index,omega,green_real,green_imag,sigma_real,sigma_imag,weiss_real,weiss_imag,delta_real,delta_imag
3,2,0,0.09817477042468103,7.797144666036602e-16,-0.11549634623970596,1.4999999999999412,-8.502359613070357,0.6595401262140037,-0.06855829191001377,4.440892098500626e-16,-0.0577481731198525
3,2,1,0.2945243112740431,4.867778328912801e-16,-0.29091286418582457,1.499999999999994,-2.9974746706405746,0.6138526772056929,-0.18005557148983767,2.220446049250313e-16,-0.14545643209291226
3,2,2,0.4908738521234052,2.9427691341753816e-16,-0.3767438981224544,1.4999999999999978,-1.975077215017123,0.553224868681658,-0.25051711277529054,2.220446049250313e-16,-0.18837194906122712
3,2,3,0.6872233929727672,3.384342656509758e-17,-0.40619081514263433,1.4999999999999998,-1.5715783244533108,0.49298846067335833,-0.29261126332585274,0.0,-0.2030954075713175
3,2,4,0.8835729338221293,-3.425360396144453e-17,-0.40884933021997294,1.5000000000000002,-1.3578912067606086,0.4368416173058444,-0.3168550871615874,0.0,-0.2044246651099867
3,2,5,1.0799224746714913,-6.578110282510492e-17,-0.3999675249470677,1.5000000000000004,-1.220296748415719,0.3857865955372508,-0.3291804465567149,2.220446049250313e-16,-0.19998376247353344
3,2,6,1.2762720155208536,-9.25511369034268e-17,-0.38640673491476213,1.5000000000000007,-1.1184712277882447,0.34018558566064944,-0.33326289584823854,0.0,-0.19320336745738098
3,2,7,1.4726215563702154,-1.4309114479621483e-16,-0.3711641544358671,1.500000000000001,-1.036022056174111,0.3000216441347528,-0.33166465363955844,0.0,-0.18558207721793374
3,2,8,1.6689710972195777,-1.5841901899244597e-16,-0.355564220210504,1.5000000000000013,-0.9656782555708798,0.26499437976553875,-0.32625281383670846,0.0,-0.17778211010525213
3,2,9,1.8653206380689396,-9.717696027140248e-17,-0.3402107575841867,1.5000000000000009,-0.9039284206674318,0.234633130534507,-0.31838558553832436,-2.220446049250313e-16,-0.17010537879209453
3,2,10,2.061670178918302,-1.7862036141371957e-16,-0.32538830143926994,1.5000000000000018,-0.8488869076584316,0.208397106582724,-0.30903406018824436,0.0,-0.1626941507196351
3,2,11,2.2580197197676637,-1.641185376211602e-16,-0.3112318076930987,1.5000000000000018,-0.799403581511266,0.18574386320170475,-0.2988786700609065,0.0,-0.15561590384654966
3,2,12,2.454369260617026,-7.542377734462337e-17,-0.297800570766391,1.5000000000000009,-0.7546823794326137,0.16616793522693682,-0.2883866168653481,2.220446049250313e-16,-0.148900285383196
3,2,13,2.650718801466388,-1.3875858404431872e-16,-0.285112347147538,1.5000000000000018,-0.7141143401006806,0.14921831855221737,-0.277871863352986,-2.220446049250313e-16,-0.1425561735737686
3,2,14,2.84706834231575,-1.2777863347724592e-16,-0.2731605306777587,1.5000000000000018,-0.6772023854182946,0.13450310367009793,-0.26753999866034267,-2.220446049250313e-16,-0.13658026533888012
3,2,15,3.043417883165112,-1.3255161651257076e-16,-0.2619237215419959,1.500000000000002,-0.6435256909470144,0.12168720024785866,-0.25752092237539975,4.440892098500626e-16,-0.1309618607709968
3,2,16,3.2397674240144743,-9.520546319770052e-17,-0.2513715780042926,1.5000000000000016,-0.6127212804534543,0.1104868576726233,-0.2478922334336267,-2.220446049250313e-16,-0.1256857890021461
3,2,17,3.436116964863836,-1.0064020369727548e-16,-0.24146863994538542,1.5000000000000018,-0.5844732375783763,0.10066309422611039,-0.23869577068917416,0.0,-0.12073431997269202
3,2,18,3.6324665057131984,-1.165541419029835e-16,-0.2321769167963686,1.5000000000000022,-0.5585054181102178,0.09201514462882278,-0.2299492181145336,-2.220446049250313e-16,-0.11608845839818382
3,2,19,3.8288160465625602,-1.1899087234921338e-16,-0.2234576559800214,1.5000000000000024,-0.534575906672337,0.0843744488369579,-0.22165420127178168,-2.220446049250313e-16,-0.11172882799001016
3,2,20,4.025165587411922,-9.051315922530658e-17,-0.21527253932758628,1.500000000000002,-0.5124724687790644,0.0775993806362888,-0.21380190960105314,0.0,-0.1076362696637938
3,2,21,4.221515128261284,-9.36638847574924e-17,-0.20758447078475528,1.5000000000000022,-0.49200867265476644,0.07157074572633786,-0.20637698234154198,0.0,-0.10379223539237703
3,2,22,4.417864669110647,-8.738224884793436e-17,-0.20035807058443492,1.5000000000000022,-0.47302052916181203,0.06618799825532727,-0.19936017921633942,-2.220446049250313e-16,-0.10017903529221783
3,2,23,4.614214209960009,-8.166030789216191e-17,-0.1935599598333835,1.5000000000000022,-0.4553635674859297,0.06136609203562709,-0.1927302020235187,0.0,-0.09677997991669152
3,2,24,4.81056375080937,-7.644000228381293e-17,-0.18715889739131222,1.5000000000000022,-0.43891029107628404,0.05703287490072608,-0.18646492372841114,0.0,-0.09357944869565582
3,2,25,5.006913291658733,-7.166958190622688e-17,-0.1811258146294295,1.5000000000000022,-0.42354796892845387,0.05312693900214819,-0.18054220472517635,2.220446049250313e-16,-0.09056290731471339
3,2,26,5.203262832508095,-5.384240107021344e-17,-0.1754337814340638,1.5000000000000018,-0.40917672227591606,0.0495958493231605,-0.17494042208331392,2.220446049250313e-16,-0.08771689071703204
3,2,27,5.399612373357457,-7.59591984421727e-17,-0.17005792763991165,1.5000000000000027,-0.39570787016707065,0.046394683672699895,-0.1696387999310399,2.220446049250313e-16,-0.08502896381995484
3,2,28,5.595961914206819,-4.769776699618826e-17,-0.16497533721615845,1.5000000000000018,-0.3830625005927748,0.04348482813161308,-0.16461760277515725,0.0,-0.08248766860808043
3,2,29,5.792311455056181,-5.62393191395547e-17,-0.16016492744116775,1.5000000000000022,-0.37117023709826563,0.040832981567926446,-0.15985823509667665,0.0,-0.0800824637205837
3,2,30,5.988660995905543,-5.3121940268281335e-17,-0.15560732156203527,1.5000000000000022,-0.35996817411912024,0.03841033115651193,-0.1553432776084041,0.0,-0.07780366078101597
3,2,31,6.1850105367549055,-4.019561761227397e-17,-0.15128472071175456,1.5000000000000018,-0.34939995750179703,0.03619186783034617,-0.1510564814559382,0.0,-0.07564236035587779
3,2,32,6.381360077604267,-5.2342747240673e-17,-0.14718077889181308,1.5000000000000024,-0.3394149896991858,0.03415581637301596,-0.1469827352329862,0.0,-0.07359038944590601
3,2,33,6.577709618453629,-4.512104460190503e-17,-0.14328048342485616,1.5000000000000022,-0.329967741902563,0.03228315959565644,-0.14310801516206445,0.0,-0.07164024171242822
3,2,34,6.7740591593029915,-4.2836613374393e-17,-0.13957004229159162,1.5000000000000022,-0.32101715785178114,0.03055723989161856,-0.13941932560188747,-2.220446049250313e-16,-0.06978502114579577
3,2,35,6.970408700152354,-4.071485164105463e-17,-0.13603677907663045,1.5000000000000022,-0.3125261362504804,0.02896342458175998,-0.13590463479098136,0.0,-0.06801838953831485
3,2,36,7.166758241001715,-4.261541789567414e-17,-0.1326690357764218,1.5000000000000024,-0.3044610806151164,0.027488823985853613,-0.13255280914831832,0.0,-0.06633451788821088
3,2,37,7.3631077818510775,-3.6902957332825296e-17,-0.12945608340753725,1.5000000000000022,-0.29679150702742224,0.02612205319396611,-0.12935354833263116,0.0,-0.06472804170376811
3,2,38,7.55945732270044,-3.870703918636536e-17,-0.12638804015031713,1.5000000000000024,-0.2894897016671335,0.024853030159078894,-0.12629732247609676,0.0,-0.06319402007515773
3,2,39,7.755806863549802,-3.6945267600678536e-17,-0.12345579663851626,1.5000000000000024,-0.28253042120242994,0.02367280406487997,-0.12337531245874293,0.0,-0.06172789831925929
3,2,40,7.9521564043991635,-3.5297577343246547e-17,-0.12065094793627046,1.5000000000000024,-0.27589063013727044,0.022573409002205194,-0.12057935370876154,2.220446049250313e-16,-0.060325473968132926
3,2,41,8.148505945248527,-3.3754626307469514e-17,-0.11796573171226939,1.5000000000000024,-0.26954927008236773,0.021547738863687806,-0.11790188375221515,0.0,-0.05898286585613377
3,2,42,8.344855486097888,-3.23079780982016e-17,-0.11539297211514968,1.5000000000000024,-0.26348705665218747,0.02058944007860652,-0.11533589355871464,2.220446049250313e-16,-0.0576964860575746
3,2,43,8.54120502694725,-2.813636597685184e-17,-0.1129260288650078,1.5000000000000022,-0.2576863003141689,0.01969281939058807,-0.11287488261274838,2.220446049250313e-16,-0.05646301443250401
3,2,44,8.737554567796613,-3.237140546277235e-17,-0.11055875109737923,1.5000000000000027,-0.25213074804496394,0.01885276435524322,-0.11051281756578202,2.220446049250313e-16,-0.05527937554868956
3,2,45,8.933904108645974,-2.588460515152182e-17,-0.1082854355236611,1.5000000000000022,-0.2468054430970198,0.018064674623409226,-0.10824409427934858,-2.220446049250313e-16,-0.054142717761830994
3,2,46,9.130253649495335,-2.4856489556229945e-17,-0.10610078850277035,1.5000000000000022,-0.24169660055941702,0.017324402394795067,-0.10606350304507796,-4.440892098500626e-16,-0.05305039425138958
3,2,47,9.326603190344699,-2.388711318836978e-17,-0.10399989165077093,1.5000000000000022,-0.23679149672025862,0.01662820068959037,-0.10396619675750521,0.0,-0.05199994582538636
3,2,48,9.52295273119406,-2.5269401889837052e-17,-0.10197817064690509,1.5000000000000024,-0.23207837051305955,0.015972678302533124,-0.10194766181493589,0.0,-0.0509890853234527
3,2,49,9.719302272043423,-2.2107784113364274e-17,-0.10003136692505508,1.5000000000000022,-0.22754633556401033,0.01535476048351048,-0.10000369152936811,0.0,-0.050015683462527605
3,2,50,9.915651812892785,-2.1290336597524923e-17,-0.09815551196860335,1.5000000000000022,-0.22318530155694946,0.014771654537817,-0.09813036183614829,-2.220446049250313e-16,-0.04907775598430142
3,2,51,10.112001353742146,-2.0516567219193932e-17,-0.0963469039536604,1.5000000000000022,-0.21898590380383542,0.014220819663235355,-0.09632400910605124,0.0,-0.04817345197682954
3,2,52,10.30835089459151,-1.9783476881405033e-17,-0.09460208651055728,1.5000000000000022,-0.21493944005483462,0.01369994044460283,-0.09458120987569124,0.0,-0.04730104325527762
3,2,53,10.50470043544087,-2.099714601497011e-17,-0.09291782939633236,1.5000000000000024,-0.211037813707668,0.013206903513108449,-0.09289876232581219,0.0,-0.04645891469816554
3,2,54,10.701049976290232,-2.0271408943110706e-17,-0.09129111089173335,1.5000000000000024,-0.20727348268360385,0.012739776950181216,-0.09127366935055134,0.0,-0.04564555544586568
3,2,55,10.897399517139595,-1.7801870477471396e-17,-0.08971910175509736,1.5000000000000022,-0.20363941333034086,0.012296792076885969,-0.08970312307388456,0.0,-0.044859550877546894
3,2,56,11.093749057988957,-1.7206126017417925e-17,-0.08819915058248917,1.5000000000000022,-0.20012903879204452,0.01187632732120646,-0.08818449068192512,0.0,-0.044099575291244975
3,2,57,11.29009859883832,-1.6639348301766165e-17,-0.08672877043880467,1.5000000000000022,-0.19673622135582963,0.011476893899079063,-0.08671530145144699,-2.220446049250313e-16,-0.04336438521940522
3,2,58,11.486448139687681,-1.6099717556627697e-17,-0.08530562663832175,1.5000000000000022,-0.1934552183438915,0.011097123081869211,-0.08529323486587503,2.220446049250313e-16,-0.04265281331915993
3,2,59,11.682797680537043,-1.870266300341201e-17,-0.08392752556554232,1.5000000000000027,-0.19028065117230164,0.010735754854248183,-0.08391610972001506,-2.220446049250313e-16,-0.04196376278277114
3,2,60,11.879147221386406,-1.5095298100911217e-17,-0.08259240443825168,1.5000000000000022,-0.18720747724246495,0.010391627793031568,-0.08258187412399975,2.220446049250313e-16,-0.04129620221912411
3,2,61,12.075496762235767,-1.6090265973040234e-17,-0.08129832192464365,1.5000000000000024,-0.18423096437053316,0.010063670020228054,-0.0812885963253313,-2.220446049250313e-16,-0.04064916096232096
3,2,62,12.271846303085129,-1.5598953922550347e-17,-0.08004344953524671,1.5000000000000024,-0.18134666749412115,0.009750891102937788,-0.08003445627555572,0.0,-0.040021724767621336
3,2,63,12.468195843934492,-1.5129529672259935e-17,-0.07882606371833652,1.5000000000000024,-0.17855040742550135,0.00945237478934805,-0.07881773787505195,2.220446049250313e-16,-0.03941303185916922
3,2,64,12.664545384783853,-1.601533979970486e-17,-0.07764453859463494,1.5000000000000027,-0.17583825144658582,0.009167272484329135,-0.0776368218357167,-4.440892098500626e-16,-0.03882226929731836
3,2,65,12.860894925633216,-1.2955793848261022e-17,-0.07649733927346329,1.5000000000000022,-0.173206495563826,0.008894797380394118,-0.07649017910702315,2.220446049250313e-16,-0.038248669636731236
3,2,66,13.057244466482578,-1.2582154951906444e-17,-0.0753830156982182,1.5000000000000022,-0.1706516482610854,0.00863421917035332,-0.07537636481608265,-4.440892098500626e-16,-0.037691507849110906
3,2,67,13.25359400733194,-1.2224273036328574e-17,-0.07430019697413807,1.5000000000000022,-0.16817041560646626,0.008384859277118325,-0.07429401267698812,-2.220446049250313e-16,-0.03715009848706785
3,2,68,13.449943548181302,-1.1881284063960017e-17,-0.07324758613590357,1.5000000000000022,-0.1657596875841622,0.00814608654400544,-0.07324182982891585,0.0,-0.03662379306795138
3,2,69,13.646293089030664,-1.1552381765615701e-17,-0.07222395531670764,1.5000000000000022,-0.16341652553647895,0.007917313335731311,-0.07221859206624975,0.0,-0.03611197765835428
3,2,70,13.842642629880025,-1.2360494431483768e-17,-0.07122814128410615,1.5000000000000024,-0.16113815061297573,0.007697992006236152,-0.07122313942740818,2.220446049250313e-16,-0.03561407064205113
3,2,71,14.038992170729388,-1.2027261656275016e-17,-0.07025904131125421,1.5000000000000024,-0.15892193313449654,0.0074876116946401535,-0.07025437211213542,2.220446049250313e-16,-0.03512952065563013
3,2,72,14.23534171157875,-1.0642906586519139e-17,-0.06931560935509216,1.5000000000000022,-0.15676538278929888,0.007285695415144433,-0.06931124669980117,0.0,-0.0346578046775452
3,2,73,14.431691252428113,-9.326964244773762e-18,-0.06839685251570266,1.500000000000002,-0.154666139586792,0.007091797410621292,-0.06839277264375893,0.0,-0.0341984262578503
3,2,74,14.628040793277474,-1.2113349030756307e-17,-0.0675018277534504,1.5000000000000027,-0.1526219655020104,0.006905500743078911,-0.06749800901908103,0.0,-0.033750913876726685
3,2,75,14.824390334126836,-7.868685222723116e-18,-0.06662963884266472,1.5000000000000018,-0.15063073675045166,0.006726415097198251,-0.0666260615030311,-2.220446049250313e-16,-0.03331481942133507
3,2,76,15.020739874976199,-9.586982114107766e-18,-0.0657794335425623,1.5000000000000022,-0.14869043663881248,0.0065541747757839565,-0.06577607956948418,0.0,-0.032889716771281385
3,2,77,15.21708941582556,-9.347356696544971e-18,-0.06495040096785006,1.5000000000000022,-0.14679914894259136,0.0063884368682937875,-0.06494725388017328,0.0,-0.032475200483922606
3,2,78,15.413438956674922,-1.1851490813474699e-17,-0.06414176914302265,1.5000000000000029,-0.14495505176595594,0.006228879575655647,-0.06413881385715214,2.220446049250313e-16,-0.03207088457151208
3,2,79,15.609788497524285,-8.894084006388317e-18,-0.06335280272578768,1.5000000000000022,-0.14315641184374153,0.006075200676383325,-0.06335002542223027,0.0,-0.03167640136289229
3,2,80,15.806138038373646,-8.679617141367272e-18,-0.06258280088633422,1.5000000000000022,-0.14140157924909413,0.005927116120592636,-0.06258018889037303,0.0,-0.03129140044317147
3,2,81,16.002487579223008,-8.472756508942546e-18,-0.06183109533032047,1.5000000000000022,-0.1396889824735809,0.005784358739925992,-0.061828637005181535,2.220446049250313e-16,-0.030915547665159693
3,2,82,16.19883712007237,-8.27314933693731e-18,-0.06109704845450331,1.5000000000000022,-0.1380171238498523,0.005646677062637956,-0.061094733105581604,0.0,-0.030548524227256735
3,2,83,16.395186660921734,-8.888509207505074e-18,-0.060380051624884815,1.5000000000000024,-0.1363845752893827,0.005513834224198235,-0.06037786941377514,0.0,-0.030190025812441235
3,2,84,16.591536201771095,-7.89438325585193e-18,-0.0596795235681093,1.5000000000000022,-0.13478997431044468,0.005385606964747679,-0.05967746543534151,2.220446049250313e-16,-0.029839761784053564
3,2,85,16.787885742620457,-7.71461384578365e-18,-0.05899490886762613,1.5000000000000022,-0.1332320203337017,0.005261784705613906,-0.058992966463138966,2.220446049250313e-16,-0.029497454433808912
3,2,86,16.98423528346982,-7.5408745075325e-18,-0.05832567655684239,1.5000000000000022,-0.1317094712246604,0.005142168697867933,-0.05832384217734592,-2.220446049250313e-16,-0.02916283827842392
3,2,87,17.18058482431918,-7.372900335553511e-18,-0.05767131880213287,1.5000000000000022,-0.13022114006409602,0.005026571236593816,-0.057669585334611105,2.220446049250313e-16,-0.028835659401071467
3,2,88,17.376934365168545,-7.210440715615375e-18,-0.057031349669160084,1.5000000000000022,-0.12876589212926395,0.004914814935159525,-0.05702971053985355,0.0,-0.02851567483457984
3,2,89,17.573283906017906,-7.053258415745072e-18,-0.056405303966490135,1.5000000000000022,-0.12734264207001017,0.004806732054327764,-0.05640375309477559,0.0,-0.028202651983242788
3,2,90,17.769633446867267,-6.9011287434608366e-18,-0.055792736160975076,1.5000000000000022,-0.12595035126539322,0.0047021638815378025,-0.05579126791762635,0.0,-0.027896368080490674
3,2,91,17.96598298771663,-7.429222640251848e-18,-0.055193219359814395,1.5000000000000024,-0.12458802534752897,0.004600960156130377,-0.055191828529187956,0.0,-0.027596609679907402
3,2,92,18.16233252856599,-6.611186573662012e-18,-0.054606344354611536,1.5000000000000022,-0.1232547118805154,0.004502978536682865,-0.05460502610035164,0.0,-0.02730317217730871
3,2,93,18.358682069415355,-8.414874814581335e-18,-0.05403171872310995,1.5000000000000029,-0.12194949818323007,0.00440808410697696,-0.0540304685570138,0.0,-0.027015859361554817
3,2,94,18.555031610264717,-6.339039106259276e-18,-0.053468965984628324,1.5000000000000022,-0.12067150928586975,0.0043161489174396266,-0.053467779738351796,2.220446049250313e-16,-0.026734482992313957
3,2,95,18.751381151114078,-6.209189342421341e-18,-0.052917724805523356,1.5000000000000022,-0.11941990601061003,0.004227051559185055,-0.05291659860484258,0.0,-0.026458862402762406
3,2,96,18.94773069196344,-6.0832672676527935e-18,-0.052377648251288884,1.5000000000000022,-0.11819388316787052,0.004140676768043458,-0.05237657849266429,-2.220446049250313e-16,-0.02618882412564716
3,2,97,19.1440802328128,-5.961116910952822e-18,-0.051848403082157865,1.5000000000000022,-0.11699266786007731,0.004056915056195337,-0.05184738641137443,2.220446049250313e-16,-0.02592420154108055
3,2,98,19.340429773662162,-5.842589925639931e-18,-0.05132966908930987,1.5000000000000022,-0.11581551788562047,0.003975662369239893,-0.051328702381991616,0.0,-0.025664834544652848
3,2,99,19.536779314511527,-5.154790633979735e-18,-0.05082113846900291,1.500000000000002,-0.11466172023614139,0.003896819766715906,-0.05082021881282098,2.220446049250313e-16,-0.025410569234502134
3,2,100,19.73312885536089,-5.6158481903765975e-18,-0.0503225152321473,1.5000000000000022,-0.11353058968089633,0.0038202931242650416,-0.05032163991055989,0.0,-0.02516125761607313
3,2,101,19.92947839621025,-6.058108153156282e-18,-0.049833514647020946,1.5000000000000024,-0.11242146743238941,0.0037459928557826007,-0.04983268112440028,2.220446049250313e-16,-0.02491675732350984
3,2,102,20.12582793705961,-5.40199175014082e-18,-0.049353862712993975,1.5000000000000022,-0.11133371988790439,0.0036738336540415445,-0.04935306862101006,0.0,-0.024676931356502507
3,2,103,20.322177477908973,-5.829553418285617e-18,-0.04888329566328356,1.5000000000000024,-0.11026673744196729,0.0036037342484029843,-0.04888253878842844,4.440892098500626e-16,-0.024441647831640267
3,2,104,20.518527018758338,-5.720073642291963e-18,-0.04842155949490262,1.5000000000000024,-0.10921993336509403,0.0035356171783420907,-0.048420837767049626,0.0,-0.024210779747448896
3,2,105,20.7148765596077,-5.103304727200533e-18,-0.04796840952409579,1.5000000000000022,-0.10819274274463414,0.0034694085816235226,-0.047967721005999844,0.0,-0.023984204762047767
3,2,106,20.91122610045706,-6.01104761830996e-18,-0.04752360996567694,1.5000000000000027,-0.1071846214836992,0.003405037996056008,-0.047522952843330565,0.0,-0.023761804982839863
3,2,107,21.107575641306422,-5.409442890171087e-18,-0.04708693353479304,1.5000000000000024,-0.1061950453545247,0.003342438173842669,-0.04708630610856146,2.220446049250313e-16,-0.02354346676739283
3,2,108,21.303925182155783,-4.828619595881107e-18,-0.04665816106974175,1.5000000000000022,-0.10522350910282813,0.0032815449076229295,-0.04665756174620794,-2.220446049250313e-16,-0.02332908053486804
3,2,109,21.50027472300515,-4.7419510020968015e-18,-0.046237081174564494,1.5000000000000022,-0.10426952560003182,0.0032222968673739894,-0.04623650845902155,0.0,-0.023118540587283576
3,2,110,21.69662426385451,-5.123343905942038e-18,-0.0458234898802241,1.5000000000000024,-0.10333262504042433,0.0031646354474057846,-0.04582294236975854,0.0,-0.02291174494011372
3,2,111,21.89297380470387,-5.032986372860379e-18,-0.04541719032325654,1.5000000000000024,-0.10241235418042091,0.0031085046227433493,-0.04541666670037131,0.0,-0.022708595161628153
3,2,112,22.089323345553233,-4.495444302667972e-18,-0.04501799244086172,1.5000000000000022,-0.10150827561745386,0.0030538508142456474,-0.04501749146759249,2.220446049250313e-16,-0.022508996220427235
3,2,113,22.285672886402594,-4.417518039938686e-18,-0.04462571268146599,1.5000000000000022,-0.10061996710612517,0.0030006227618599767,-0.044625233193948975,0.0,-0.02231285634073288
3,2,114,22.482022427251955,-4.775752007535449e-18,-0.04424017372985446,1.5000000000000024,-0.09974702090935557,0.0029487714054571867,-0.04423971463330751,0.0,-0.022120086864926947
3,2,115,22.67837196810132,-5.12112086848293e-18,-0.043861204246029614,1.5000000000000027,-0.09888904318244235,0.0028982497727349757,-0.04386076451011191,0.0,-0.021930602123013898
3,2,116,22.87472150895068,-3.775929455057548e-18,-0.04348863861700778,1.500000000000002,-0.09804565338821612,0.0028490128737151915,-0.04348821727152693,2.220446049250313e-16,-0.02174431930850318
3,2,117,23.071071049800043,-4.125159928455448e-18,-0.04312231672081647,1.5000000000000022,-0.0972164837413296,0.002801017601396415,-0.043121912851754124,0.0,-0.02156115836040584
3,2,118,23.267420590649404,-3.2452715153996916e-18,-0.04276208370200222,1.5000000000000018,-0.09640117868013696,0.002754222638155639,-0.04276169644783242,0.0,-0.021381041851004312
3,2,119,23.463770131498766,-4.7876500807389115e-18,-0.042407789758003404,1.5000000000000027,-0.09559939436447171,0.0027085883675226994,-0.042407418306279705,0.0,-0.021203894879000984
3,2,120,23.66011967234813,-3.9244620900441855e-18,-0.04205928993578222,1.5000000000000022,-0.0948107981980359,0.0026640767909785206,-0.04205893351997231,2.220446049250313e-16,-0.021029644967892835
3,2,121,23.856469213197492,-4.246877586284671e-18,-0.04171644393814963,1.5000000000000024,-0.0940350683737079,0.002620651449453535,-0.041716101834697275,-4.440892098500626e-16,-0.020858221969078272
3,2,122,24.052818754046854,-4.178531485442063e-18,-0.04137911593925045,1.5000000000000024,-0.09327189344081172,0.002578277349225784,-0.041378787464847154,0.0,-0.02068955796962868
3,2,123,24.249168294896215,-4.111816576263445e-18,-0.04104717440871036,1.5000000000000024,-0.09252097189300759,0.002536920891939696,-0.04104685891776012,-2.220446049250313e-16,-0.020523587204362315
3,2,124,24.445517835745576,-3.678801392940015e-18,-0.0407204919439766,1.5000000000000022,-0.09178201177550084,0.002496549808486166,-0.040720188826238575,0.0,-0.020360245971986046
3,2,125,24.64186737659494,-3.6209791120029864e-18,-0.04039894511041199,1.5000000000000022,-0.09105473031086017,0.0024571330965028008,-0.04039865378880759,0.0,-0.020199472555212594
3,2,126,24.838216917444303,-4.633856645638199e-18,-0.04008241428873021,1.5000000000000029,-0.09033885354209878,0.002418640961269989,-0.040082134217301765,0.0,-0.02004120714436297
3,2,127,25.034566458293664,-3.509337930317623e-18,-0.03977078352938299,1.5000000000000022,-0.0896341159923659,0.0023810447597938564,-0.03977051419139263,2.220446049250313e-16,-0.019885391764692173
5,4,0,0.09817477042468103,5.104793387877421e-15,-1.010716139455627,1.4999999999999925,-0.385864638489334,0.573777915674375,-0.23086254337582301,2.220446049250313e-15,-0.5053580697278134
5,4,1,0.2945243112740431,-7.202787292674899e-16,-0.7131572808598874,1.5000000000000018,-0.7511122774446977,0.5609709921392851,-0.24349991253480177,-2.220446049250313e-16,-0.356578640429944
5,4,2,0.4908738521234052,-8.235805882683509e-16,-0.5768779143324683,1.5000000000000029,-0.9541562231609195,0.5249658986598594,-0.27274176617725,-4.440892098500626e-16,-0.288438957166234
5,4,3,0.6872233929727672,-7.084867314574608e-16,-0.5071703376806751,1.500000000000003,-1.0309155823335518,0.47845047116898626,-0.3000868664528641,-4.440892098500626e-16,-0.25358516884033744
5,4,4,0.8835729338221293,-6.056638979185944e-16,-0.46460948008129155,1.500000000000003,-1.036467559869934,0.4291620802930363,-0.3192615892450019,0.0,-0.2323047400406456
5,4,5,1.0799224746714913,-5.347892652055824e-16,-0.4338485569270608,1.500000000000003,-1.0081050187066933,0.38150353840053586,-0.329834416722838,0.0,-0.21692427846353035
5,4,6,1.2762720155208536,-5.821022940450319e-16,-0.40876983177474446,1.5000000000000038,-0.9657075560548731,0.33765950581962273,-0.33330525849846704,-4.440892098500626e-16,-0.2043849158873725
5,4,7,1.4726215563702154,-4.3285803052511503e-16,-0.38686453633201634,1.500000000000003,-0.918830304366655,0.29846378622358394,-0.33150448834890917,-2.220446049250313e-16,-0.1934322681660079
5,4,8,1.6689710972195777,-3.9239890893528546e-16,-0.36705954280093017,1.500000000000003,-0.8718527672213676,0.26400272809598,-0.3260435220772426,-2.220446049250313e-16,-0.1835297714004649
5,4,9,1.8653206380689396,-3.311598087839836e-16,-0.3488627050175359,1.5000000000000029,-0.8267051732791568,0.23398788959216196,-0.31818484237779276,-4.440892098500626e-16,-0.17443135250876818
5,4,10,2.061670178918302,-3.7118548431351066e-16,-0.33202144437079695,1.5000000000000036,-0.7841727515875208,0.20797047692626336,-0.30886123962804307,-2.220446049250313e-16,-0.16601072218539858
5,4,11,2.2580197197676637,-3.1750543411145916e-16,-0.31638414978417406,1.5000000000000033,-0.7445028008159209,0.18545811916762633,-0.2987373966321548,-2.220446049250313e-16,-0.15819207489208686
5,4,12,2.454369260617026,-1.741399795880731e-16,-0.30184309207115234,1.500000000000002,-0.7076887720361613,0.16597436569297144,-0.28827432605326375,0.0,-0.15092154603557661
5,4,13,2.650718801466388,-1.5948482372053644e-16,-0.2883107129750618,1.500000000000002,-0.673606044120632,0.1490857827407623,-0.27778400100032596,0.0,-0.14415535648753064
5,4,14,2.84706834231575,-1.4634790275614997e-16,-0.27570981326341887,1.500000000000002,-0.6420785910072883,0.13441141079370836,-0.26747183000131164,0.0,-0.1378549066317083
5,4,15,3.043417883165112,-1.4951157460662955e-16,-0.26396958678536664,1.5000000000000022,-0.6129125311827796,0.12162311240912746,-0.25746823778348865,0.0,-0.13198479339268365
5,4,16,3.2397674240144743,-1.790701489764886e-16,-0.253024098993996,1.5000000000000029,-0.5859132384709894,0.11044161003151674,-0.24785154991376904,0.0,-0.12651204949699846
5,4,17,3.436116964863836,-1.2716342891330782e-16,-0.24281175077575276,1.5000000000000022,-0.5608939859732408,0.1006308294523371,-0.23866431614010933,0.0,-0.12140587538787617
5,4,18,3.6324665057131984,-1.6468208964132594e-16,-0.2332751003923577,1.500000000000003,-0.5376800814376744,0.09199191253546642,-0.22992483493171859,0.0,-0.1166375501961796
5,4,19,3.8288160465625602,-1.744450608671026e-16,-0.22436078034534532,1.5000000000000036,-0.5161105427500371,0.08435756106232704,-0.22163523170553712,0.0,-0.11218039017267234
5,4,20,4.025165587411922,-1.3162927227392172e-16,-0.21601940695072783,1.5000000000000029,-0.49603841780552305,0.07758699085209003,-0.2137870889894376,-2.220446049250313e-16,-0.1080097034753642
5,4,21,4.221515128261284,-1.2247715973230537e-16,-0.2082054509766426,1.5000000000000029,-0.4773303654696136,0.07156157435075083,-0.20636534910269178,0.0,-0.104102725488322
5,4,22,4.417864669110647,-9.660922821145846e-17,-0.20087706727274468,1.5000000000000024,-0.45986585147473913,0.06618115047552829,-0.19935100277004128,0.0,-0.1004385336363729
5,4,23,4.614214209960009,-9.022392355186494e-17,-0.19399589225345082,1.5000000000000024,-0.4435361655608436,0.06136093653348821,-0.19272292673695754,0.0,-0.0969979461267263
5,4,24,4.81056375080937,-9.208276347902526e-17,-0.1875268207304638,1.5000000000000027,-0.4282433804937841,0.0570289623669374,-0.18645912607318357,-2.220446049250313e-16,-0.09376341036523339
5,4,25,5.006913291658733,-7.191267042643681e-17,-0.18143777276669465,1.5000000000000022,-0.41389932254500966,0.053123946930156776,-0.18053756086384462,0.0,-0.09071888638334702
5,4,26,5.203262832508095,-8.775507354690099e-17,-0.17569945919862315,1.5000000000000029,-0.4004245920822871,0.04959354429637046,-0.1749366834839706,0.0,-0.08784972959931281
5,4,27,5.399612373357457,-5.711956384866334e-17,-0.1702851522618549,1.500000000000002,-0.38774765404017497,0.0463928953884282,-0.16963577506851896,-2.220446049250313e-16,-0.08514257613092813
5,4,28,5.595961914206819,-5.976143226506698e-17,-0.16517046577298394,1.5000000000000022,-0.3758040065471645,0.043483431362431255,-0.16461514340597455,0.0,-0.08258523288649311
5,4,29,5.792311455056181,-4.5084813488309015e-17,-0.160333147704974,1.5000000000000018,-0.3645354290949194,0.04083188353377548,-0.15985622595403612,2.220446049250313e-16,-0.08016657385248749
5,4,30,5.988660995905543,-6.386421905841645e-17,-0.15575288675020624,1.5000000000000027,-0.3538893076327665,0.038409462614507735,-0.155341628649041,0.0,-0.07787644337510358
5,4,31,6.1850105367549055,-6.54258452970032e-17,-0.15141113355037414,1.5000000000000029,-0.34381803178369064,0.036191176739016236,-0.15105512201044174,-2.220446049250313e-16,-0.07570556677518692
5,4,32,6.381360077604267,-6.195124888229662e-17,-0.14729093662527556,1.5000000000000029,-0.33427845832641534,0.03415526335305433,-0.14698160957747874,2.220446049250313e-16,-0.07364546831263752
5,4,33,6.577709618453629,-3.614488470575019e-17,-0.14337679259415242,1.5000000000000018,-0.3252314347351418,0.032282714653848424,-0.1431070791533755,0.0,-0.0716883962970778
5,4,34,6.7740591593029915,-3.859917980811357e-17,-0.13965451000210088,1.500000000000002,-0.31664137663487274,0.0305568800395117,-0.13941854411062166,0.0,-0.06982725500105058
5,4,35,6.970408700152354,-4.0758934463329e-17,-0.13611108589826462,1.5000000000000022,-0.30847589333562797,0.028963132092701533,-0.13590397973513657,0.0,-0.06805554294913208
5,4,36,7.166758241001715,-3.102340165975451e-17,-0.13273459422910214,1.5000000000000018,-0.3007054560402627,0.027488585110687924,-0.1325522579805329,0.0,-0.06636729711455036
5,4,37,7.3631077818510775,-3.3242181971293176e-17,-0.12951408508392845,1.500000000000002,-0.2933031038054579,0.02612185720853375,-0.12935308287139047,0.0,-0.06475704254196568
5,4,38,7.55945732270044,-4.2259976273949373e-17,-0.12643949384247583,1.5000000000000027,-0.28624418283007724,0.02485286865334525,-0.12629692799878284,2.220446049250313e-16,-0.06321974692123877
5,4,39,7.755806863549802,-4.369471969550598e-17,-0.12350155931170259,1.5000000000000029,-0.2795061151241034,0.023672670409163567,-0.12337497699482997,0.0,-0.06175077965585185
5,4,40,7.9521564043991635,-2.5688205660297847e-17,-0.12069174999169598,1.5000000000000018,-0.27306819305901836,0.022573297944023154,-0.12057906748663218,2.220446049250313e-16,-0.06034587499584809
5,4,41,8.148505945248527,-3.6845840625348067e-17,-0.11800219767129062,1.5000000000000027,-0.26691139671148834,0.021547646221521364,-0.1179016387643802,2.220446049250313e-16,-0.05900109883564575
5,4,42,8.344855486097888,-3.8203633171928124e-17,-0.11542563761818407,1.5000000000000029,-0.26101823128262697,0.020589362508005332,-0.11533568321867045,2.220446049250313e-16,-0.057712818809090294
5,4,43,8.54120502694725,-3.096597759897649e-17,-0.11295535469262553,1.5000000000000024,-0.2553725822061635,0.01969275420457496,-0.1128747014830523,0.0,-0.056477677346311594
5,4,44,8.737554567796613,-3.5085660552342126e-17,-0.11058513477608764,1.5000000000000029,-0.24995958585245262,0.018852709385703572,-0.1105126611417017,0.0,-0.055292567388045555
5,4,45,8.933904108645974,-3.3664684887515105e-17,-0.10830922096539955,1.5000000000000029,-0.24476551399419272,0.018064628113579985,-0.108243958816053,0.0,-0.05415461048269776
5,4,46,9.130253649495335,-3.2326451478970697e-17,-0.10612227403790758,1.5000000000000029,-0.23977767042640238,0.017324362915474612,-0.10606338541907855,0.0,-0.053061137018953985
5,4,47,9.326603190344699,-1.9116798726908328e-17,-0.10401933674396552,1.5000000000000018,-0.23498429833319032,0.016628167073531895,-0.10396609435514369,0.0,-0.052009668371979956
5,4,48,9.52295273119406,-2.9874112296160824e-17,-0.10199580152939718,1.5000000000000029,-0.23037449716707453,0.01597264959284433,-0.1019475724423119,0.0,-0.05099790076470079
5,4,49,9.719302272043423,-2.211482806777053e-17,-0.10004738133259047,1.5000000000000022,-0.22593814795870965,0.015354735892892848,-0.10000361333932592,-4.440892098500626e-16,-0.05002369066629697
5,4,50,9.915651812892785,-2.1296627845358395e-17,-0.09817008313877561,1.5000000000000022,-0.2216658461077746,0.014771633416231746,-0.0981302932688863,2.220446049250313e-16,-0.04908504156938598
5,4,51,10.112001353742146,-1.8469977575581656e-17,-0.09636018400809722,1.500000000000002,-0.21754884082081172,0.014220801472149616,-0.09632394884064979,0.0,-0.04818009200404738
5,4,52,10.30835089459151,-1.9788524931274315e-17,-0.0946142093245798,1.5000000000000022,-0.21357898046284265,0.013699924736395811,-0.09458115679042152,2.220446049250313e-16,-0.04730710466228949
5,4,53,10.50470043544087,-2.1002134038322732e-17,-0.09292891304033075,1.5000000000000024,-0.2097486631776581,0.013206889914540743,-0.09289871546553105,2.220446049250313e-16,-0.04646445652016418
5,4,54,10.701049976290232,-2.396242446616132e-17,-0.09130125971362543,1.5000000000000029,-0.2060507922081301,0.01273976514907645,-0.09127362789983393,0.0,-0.04565062985681401
5,4,55,10.897399517139595,-1.6024994077388073e-17,-0.08972840816116173,1.500000000000002,-0.2024787354151181,0.012296781811362002,-0.0897030863348177,0.0,-0.04486420408058045
5,4,56,11.093749057988957,-2.409322664396935e-17,-0.08820769656402978,1.500000000000003,-0.19902628855192056,0.011876318370937713,-0.08818445805569862,0.0,-0.04410384828201508
5,4,57,11.29009859883832,-2.1635058252281275e-17,-0.08673662888406924,1.5000000000000029,-0.19568764190282728,0.011476886078182959,-0.08671527242304966,2.220446049250313e-16,-0.04336831444203426
5,4,58,11.486448139687681,-1.2881951200539698e-17,-0.08531286246251618,1.5000000000000018,-0.19245734993876085,0.011097116233095838,-0.085293208991336,0.0,-0.04265643123125784
5,4,59,11.682797680537043,-1.7146823751016164e-17,-0.08393419668637479,1.5000000000000024,-0.1893303036826088,0.010735748844219371,-0.0839160866157383,4.440892098500626e-16,-0.04196709834318568
5,4,60,11.879147221386406,-1.8117049891503966e-17,-0.0825985626199819,1.5000000000000027,-0.1863017055113358,0.010391622508327734,-0.08258185345782433,0.0,-0.04129928130999083
5,4,61,12.075496762235767,-1.170364476022518e-17,-0.08130401350993093,1.5000000000000018,-0.18336704615232563,0.010063665364162241,-0.08128857780901932,0.0,-0.0406520067549625
5,4,62,12.271846303085129,-1.2764454655493991e-17,-0.08004871608103922,1.500000000000002,-0.18052208365774208,0.009750886992888463,-0.08003443965846345,0.0,-0.040024358040520625
5,4,63,12.468195843934492,-1.6506978296560056e-17,-0.07883094254950619,1.5000000000000027,-0.177762824164965,0.009452371154547674,-0.07881772293878532,2.220446049250313e-16,-0.03941547127475431
5,4,64,12.664545384783853,-1.3347667344799615e-17,-0.07764906328695387,1.5000000000000022,-0.1750855042707578,0.00916726926402546,-0.07763680838960663,-2.220446049250313e-16,-0.038824531643477656
5,4,65,12.860894925633216,-1.4252933919144963e-17,-0.07650154007575034,1.5000000000000024,-0.17248657486645974,0.008894794522317449,-0.07649016698428662,0.0,-0.038250770037874915
5,4,66,13.057244466482578,-1.1325109132270944e-17,-0.07538691990201048,1.500000000000002,-0.16996268629633465,0.008634216629435374,-0.07537635387055787,0.0,-0.03769345995100437
5,4,67,13.25359400733194,-1.4670557969790493e-17,-0.0743038292380027,1.5000000000000027,-0.1675106747164896,0.008384857014418741,-0.07429400278035175,0.0,-0.03715191461900247
5,4,68,13.449943548181302,-1.425885423384984e-17,-0.07325096877046135,1.5000000000000027,-0.16512754954410339,0.008146084525810065,-0.07324182086830629,-4.440892098500626e-16,-0.03662548438523139
5,4,69,13.646293089030664,-9.24271031357698e-18,-0.07222710853556445,1.5000000000000018,-0.1628104818977326,0.0079173115327929,-0.07221858394223266,0.0,-0.036113554267783954
5,4,70,13.842642629880025,-1.2361512990748213e-17,-0.07123108342514266,1.5000000000000024,-0.16055679394008932,0.007697990393133563,-0.07122313205223145,0.0,-0.03561554171257164
5,4,71,14.038992170729388,-1.3121672828648676e-17,-0.07026178903209844,1.5000000000000027,-0.15836394904279066,0.00748761024923628,-0.07025436540822963,0.0,-0.03513089451604756
5,4,72,14.23534171157875,-1.3836801477919693e-17,-0.06931817780606489,1.5000000000000029,-0.15622954270110873,0.00728569411812661,-0.06931124059848807,0.0,-0.034659088903030266
5,4,73,14.431691252428113,-8.291216082429145e-18,-0.06839925549307165,1.5000000000000018,-0.15415129413370648,0.007091796245110875,-0.0683927670841375,0.0,-0.03419962774653662
5,4,74,14.628040793277474,-1.4133180568006616e-17,-0.06750407783544404,1.500000000000003,-0.1521270385082991,0.0069054996942988205,-0.06749800394706439,0.0,-0.03375203891772394
5,4,75,14.824390334126836,-9.836477721642464e-18,-0.06663174751036512,1.5000000000000022,-0.15015471974023592,0.006726414152189336,-0.06662605687051264,0.0,-0.03331587375518197
5,4,76,15.020739874976199,-8.628801631686734e-18,-0.06578141128751586,1.500000000000002,-0.14823238381574505,0.006554173923162522,-0.06577607533361415,0.0,-0.0328907056437604
5,4,77,15.21708941582556,-1.1217467896741578e-17,-0.06495225738799149,1.5000000000000027,-0.14635817259642928,0.00638843609804392,-0.06494725000273034,0.0,-0.032476128693994966
5,4,78,15.413438956674922,-1.0940431325031155e-17,-0.06414351302830065,1.5000000000000027,-0.14453031806519706,0.006228878878950958,-0.06413881030399611,2.220446049250313e-16,-0.032071756514149286
5,4,79,15.609788497524285,-1.1562906423631408e-17,-0.0633544421347019,1.5000000000000029,-0.14274713697793348,0.006075200045433707,-0.06335002216282512,0.0,-0.03167722106735127
5,4,80,15.806138038373646,-1.1284057358377194e-17,-0.06258434321443995,1.5000000000000029,-0.14100702588793015,0.005927115548512268,-0.06258018589737034,0.0,-0.03129217160722142
5,4,81,16.002487579223008,-8.473153702716125e-18,-0.06183254737162261,1.5000000000000022,-0.1393084565138281,0.005784358220619401,-0.06182863425405594,-2.220446049250313e-16,-0.030916273685814843
5,4,82,16.19883712007237,-1.1582926786314866e-17,-0.06109841645654869,1.500000000000003,-0.1376499714235748,0.005646676590701593,-0.06109473057431182,0.0,-0.030549208228276115
5,4,83,16.395186660921734,-9.696968985151642e-18,-0.060381341338260466,1.5000000000000027,-0.1360301800099536,0.005513833794835183,-0.06037786708256364,-2.220446049250313e-16,-0.0301906706691355
5,4,84,16.591536201771095,-7.105234123891075e-18,-0.05968074029096963,1.500000000000002,-0.1344477547349301,0.005385606573693731,-0.059677463286368616,0.0,-0.02984037014548946
5,4,85,16.787885742620457,-7.714913730568064e-18,-0.05899605748579441,1.5000000000000022,-0.1329014276228478,0.005261784349073324,-0.05899296448034627,0.0,-0.02949802874289631
5,4,86,16.98423528346982,-1.0557616435864467e-17,-0.058326761579970264,1.500000000000003,-0.13138998698267398,0.0051421683724575395,-0.05832384034624541,0.0,-0.029163380789984927
5,4,87,17.18058482431918,-5.898529706804107e-18,-0.0576723443963415,1.5000000000000018,-0.12991227434298708,0.005026570939294298,-0.057669583642116815,0.0,-0.028836172198168697
5,4,88,17.376934365168545,-1.0094959835685221e-17,-0.05703231968653813,1.500000000000003,-0.1284671815835794,0.004914814663272909,-0.0570297089741328,0.0,-0.028516159843267275
5,4,89,17.573283906017906,-8.46418516651517e-18,-0.05640622197178063,1.5000000000000027,-0.12705364824920543,0.004806731805440267,-0.05640375164511737,0.0,-0.028203110985884905
5,4,90,17.769633446867267,-6.2112091148803e-18,-0.05579360545574505,1.500000000000002,-0.12567065903210886,0.004702163653487296,-0.05579126657432464,2.220446049250313e-16,-0.02789680272787365
5,4,91,17.96598298771663,-5.4032320263402286e-18,-0.05519404300436739,1.5000000000000018,-0.1243172414115189,0.004600959946977873,-0.05519182728343833,2.220446049250313e-16,-0.027597021502181462
5,4,92,18.16233252856599,-5.2891002915181085e-18,-0.05460712518787386,1.5000000000000018,-0.12299246343868417,0.004502978344687483,-0.05460502494415934,0.0,-0.027303562593935737
5,4,93,18.358682069415355,-4.531210481121233e-18,-0.05403245938069694,1.5000000000000016,-0.1216954316569819,0.0044080839305739175,-0.05403046748311204,0.0,-0.027016229690350002
5,4,94,18.555031610264717,-6.339205541999199e-18,-0.05346966891527306,1.5000000000000022,-0.12042528914792217,0.004316148755220882,-0.05346777874012903,2.220446049250313e-16,-0.026734834457634804
5,4,95,18.751381151114078,-8.072149493543036e-18,-0.05291839228603009,1.5000000000000029,-0.11918121369440259,0.004227051409882224,-0.052916597676277606,-2.220446049250313e-16,-0.026459196143015618
5,4,96,18.94773069196344,-7.300097243924856e-18,-0.05237828240015753,1.5000000000000027,-0.11796241605266637,0.004140676630512755,-0.05237657762826843,0.0,-0.02618914120007787
5,4,97,19.1440802328128,-4.769004266927663e-18,-0.051849005872008865,1.5000000000000018,-0.11676813832588778,0.0040569149294042576,-0.05184738560613976,0.0,-0.02592450293600379
5,4,98,19.340429773662162,-8.179808362768577e-18,-0.05133024235822435,1.500000000000003,-0.11559765243296787,0.003975662252255435,-0.051328701631344766,2.220446049250313e-16,-0.025665121179109462
5,4,99,19.536779314511527,-5.154901144310261e-18,-0.05082168393088413,1.500000000000002,-0.11445025866488368,0.003896819658694147,-0.05082021811258172,-2.220446049250313e-16,-0.02541084196544574
5,4,100,19.73312885536089,-5.054367545040873e-18,-0.05032303448619434,1.500000000000002,-0.11332528432427008,0.0038202930244418715,-0.050321639256904,0.0,-0.025161517243098785
5,4,101,19.92947839621025,-4.405984177394594e-18,-0.04983400918639882,1.5000000000000018,-0.11222208244190192,0.0037459927634655187,-0.04983268051382623,0.0,-0.02491700459319901
5,4,102,20.12582793705961,-5.402094779199963e-18,-0.04935433393277525,1.5000000000000022,-0.11114003056510033,0.0036738335686023493,-0.049353068050309125,0.0,-0.024677166966384334
5,4,103,20.322177477908973,-6.889598690271604e-18,-0.048883744867728236,1.5000000000000029,-0.1100785296138544,0.0036037341692712753,-0.048882538254657736,0.0,-0.024441872433865086
5,4,104,20.518527018758338,-4.680142969744949e-18,-0.04842198790413742,1.500000000000002,-0.10903700279974807,0.0035356171049994818,-0.04842083726750798,2.220446049250313e-16,-0.024210993952067383
5,4,105,20.7148765596077,-4.082713281463071e-18,-0.047968818280246746,1.5000000000000018,-0.10801489460430082,0.003469408513598479,-0.04796772053820593,0.0,-0.02398440914012312
5,4,106,20.91122610045706,-6.011146209790408e-18,-0.04752400013850461,1.5000000000000027,-0.10701166981258804,0.0034050379329192324,-0.04752295240500323,-2.220446049250313e-16,-0.023762000069257994
5,4,107,21.107575641306422,-6.3930790228902264e-18,-0.047087306126875006,1.5000000000000029,-0.10602681259869287,0.0033424381152029857,-0.04708630569760203,2.220446049250313e-16,-0.023543653063434533
5,4,108,21.303925182155783,-3.8629545523074754e-18,-0.046658517021241866,1.5000000000000018,-0.10505982566009997,0.003281544853123592,-0.04665756136068407,0.0,-0.023329258510617734
5,4,109,21.50027472300515,-5.690424847702154e-18,-0.04623742136762554,1.5000000000000027,-0.10411022939763973,0.0032222968166893905,-0.046236508097152844,0.0,-0.02311871068381066
5,4,110,21.69662426385451,-3.726121136451119e-18,-0.04582381514301619,1.5000000000000018,-0.1031775611385572,0.003164635400238481,-0.0458229420299033,2.220446049250313e-16,-0.02291190757150474
5,4,111,21.89297380470387,-4.1179542991900715e-18,-0.045417501433711295,1.500000000000002,-0.1022613743998316,0.003108504578821423,-0.04541666638101474,0.0,-0.022708750716859072
5,4,112,22.089323345553233,-4.0459533268360136e-18,-0.04501829013011844,1.500000000000002,-0.1013612381895715,0.003053850773320309,-0.045017491167335874,-2.220446049250313e-16,-0.022509145065065184
5,4,113,22.285672886402594,-4.859331839720603e-18,-0.044625997637055215,1.5000000000000024,-0.10047673634388207,0.0030006227237034293,-0.044625232911499904,0.0,-0.022312998818527774
5,4,114,22.482022427251955,-4.34164623891194e-18,-0.04424044659863978,1.5000000000000022,-0.09960746689771773,0.002948771369860688,-0.04423971436747095,2.220446049250313e-16,-0.022120223299317843
5,4,115,22.67837196810132,-4.2676515405491976e-18,-0.04386146563692893,1.5000000000000022,-0.09875304148694913,0.002898249739507108,-0.04386076425978218,0.0,-0.021930732818464804
5,4,116,22.87472150895068,-5.454183094240536e-18,-0.04348888910351147,1.5000000000000029,-0.097913084780609,0.002849012842680293,-0.04348821703568034,0.0,-0.021744444551753617
5,4,117,23.071071049800043,-3.712685244323621e-18,-0.04312255684331961,1.500000000000002,-0.09708723394095287,0.0028010175723931605,-0.04312191262944226,2.220446049250313e-16,-0.021561278421664554
5,4,118,23.267420590649404,-4.867959651378607e-18,-0.04276231396996569,1.5000000000000027,-0.09627513811026159,0.002754222611035778,-0.042761696238176106,-2.220446049250313e-16,-0.021381156984979555
5,4,119,23.463770131498766,-5.1866749046033845e-18,-0.042408010651957755,1.5000000000000029,-0.09547645792238606,0.0027085883421498827,-0.042407418108463345,0.0,-0.021204005325980546
5,4,120,23.66011967234813,-5.101852096579009e-18,-0.042059501909187114,1.5000000000000029,-0.09469086503813129,0.002664076767227278,-0.04205893333323895,0.0,-0.021029750954589588
5,4,121,23.856469213197492,-4.633002524174524e-18,-0.04171664741911974,1.5000000000000027,-0.09391804170279122,0.0026206514272083103,-0.04171610165834384,0.0,-0.02085832370956453
5,4,122,24.052818754046854,-3.798700830888172e-18,-0.041379311332159364,1.5000000000000022,-0.09315768032456322,0.002578277328380099,-0.04137878729822034,2.220446049250313e-16,-0.02068965566607517
5,4,123,24.249168294896215,-3.738049224557649e-18,-0.041047362095680606,1.5000000000000022,-0.09240948307344071,0.0025369208723953576,-0.04104685876025241,0.0,-0.020523681047844633
5,4,124,24.445517835745576,-2.9430671610054177e-18,-0.040720672286266184,1.5000000000000018,-0.09167316149801545,0.0024965497901525712,-0.04072018867728476,0.0,-0.020360336143134816
5,4,125,24.64186737659494,-2.5347071118044963e-18,-0.040399118449704015,1.5000000000000016,-0.09094843616108467,0.0024571330792962985,-0.040398653647881554,0.0,-0.0201995592248565
5,4,126,24.838216917444303,-3.5645347301762014e-18,-0.04008258094833411,1.5000000000000022,-0.09023503629117992,0.0024186409451132916,-0.040082134083913444,0.0,-0.020041290474164697
5,4,127,25.034566458293664,-4.5621760534985864e-18,-0.03977094381535336,1.5000000000000029,-0.08953269945070753,0.0023810447446155165,-0.039770514065085326,0.0,-0.019885471907677754
