U,bath_sites,iteration,self_energy_residual,weiss_residual,hybridization_residual,bath_fit_residual,mixing_alpha,density,double_occupancy,bath_fit_objective,bath_fit_converged
0.0,2,1,1.7764092393545095e-14,NaN,NaN,0.2693826879942127,0.5,1.0000000000000007,0.2500000000000003,0.003382922959503054,true
0.0,4,1,2.8454428119969353e-14,NaN,NaN,0.011459875794646246,0.5,0.9999999999999966,0.2499999999999983,4.102554053356924e-6,true
2.0,2,1,1.0,NaN,NaN,0.6391645122008095,0.5,1.0,0.10842706433275104,0.08666761980411374,true
2.0,2,2,0.49362712859714036,0.25611641217839987,0.2654437790444095,0.41022955447243,0.55,1.0000000000000002,0.120702150336824,0.022176903227793237,true
2.0,2,3,0.22128538137677572,0.10402121775515144,0.1237690093563971,0.3285654383523551,0.6050000000000001,0.9999999999999997,0.12222455001499632,0.006548125022710723,true
2.0,2,4,0.08761527240611121,0.04319594823221157,0.059446514373916244,0.3095722638688269,0.6655000000000002,1.0,0.12207639895466096,0.0032181038370310213,true
2.0,2,5,0.029623374596653863,0.01756056470344546,0.02568072587370746,0.3071264486892774,0.7320500000000003,0.9999999999999996,0.12180381264423791,0.00265248744775209,true
2.0,2,6,0.008178250716690151,0.006303527486685163,0.009439944446751272,0.3073393546214938,0.8,0.9999999999999998,0.12164437051149866,0.0025771583043221525,true
2.0,2,7,0.0017840068974765363,0.0018319345666961422,0.0027654820250593223,0.3076277119328283,0.8,1.0,0.12157514413528148,0.0025686645325725915,true
2.0,2,8,0.0004223588458659213,0.00036726558045455365,0.0005555938657776674,0.3077443635960191,0.8,1.0000000000000002,0.12155307129246959,0.0025677631950398183,true
2.0,2,9,0.00011208148718947001,7.46912319462938e-5,0.00011303686465825687,0.30778971277935946,0.8,0.9999999999999999,0.12154553524436831,0.0025676362977544573,true
2.0,2,10,3.118832958620662e-5,1.5762679412961332e-5,2.5104851498260416e-5,0.30780186485382516,0.8,0.9999999999999993,0.12154347044705004,0.002567620528742616,true
2.0,2,11,9.736644276959365e-6,4.110376800402449e-6,6.7182310561314226e-6,0.30780686937447116,0.8,0.9999999999999997,0.12154270252246896,0.0025676200632580104,true
2.0,2,12,3.1788811171046447e-6,1.2522237105524085e-6,2.0467023122036743e-6,0.30780862784863927,0.8,1.0000000000000007,0.12154244039275489,0.002567620887900847,true
2.0,2,13,1.0544270171235689e-6,4.05933736387747e-7,6.634796025532125e-7,0.3078092261017939,0.8,1.0,0.12154235231751767,0.00256762136401751,true
2.0,2,14,3.5169115264335873e-7,1.346865070394719e-7,2.201386909500924e-7,0.3078094277724624,0.8,0.9999999999999997,0.12154232281730405,0.0025676215642903904,true
2.0,2,15,1.1753417325991965e-7,4.50252400975806e-8,7.359160484667208e-8,0.3078094955133346,0.8,0.9999999999999999,0.12154231294307084,0.0025676216397175298,true
2.0,2,16,3.9308138700843956e-8,1.5082546871534716e-8,2.465170150286758e-8,0.30780951822787844,0.8,0.9999999999999992,0.12154230963857365,0.0025676216666939895,true
2.0,4,1,1.0,NaN,NaN,0.5539069509737033,0.5,1.0000000000000024,0.11761778837245931,0.08355427933084533,true
2.0,4,2,0.4951415568110754,0.25612697972992804,0.2655241261333449,0.27316463377870737,0.55,1.0000000000000016,0.13005917754736068,0.0193583439595352,true
2.0,4,3,0.22221686225570147,0.10412812196064546,0.12398583807386113,0.124851205118963,0.6050000000000001,1.0000000000000007,0.13165148414887518,0.0038695629614900564,true
2.0,4,4,0.08796424478178687,0.04324429209945572,0.059575242655769856,0.05654151678055823,0.6655000000000002,1.0000000000000013,0.13155022631634822,0.0006139476217966351,true
2.0,4,5,0.029676318623873082,0.017581303922470416,0.025742826179002212,0.034873332329048275,0.7320500000000003,1.0000000000000016,0.13130942929005177,8.434497336130997e-5,true
2.0,4,6,0.008139912736284357,0.00631087048353032,0.00946361139941959,0.031616158703902296,0.8,1.000000000000001,0.13116939908537828,2.289314177276102e-5,true
2.0,4,7,0.0017448081418555551,0.0018335727095245297,0.00277180700600505,0.031420972958330406,0.8,1.0000000000000018,0.1311101517606516,1.8406062371401703e-5,true
2.0,4,8,0.00040117753345993927,0.00036709191414311374,0.0005561155115886792,0.03142813507919143,0.8,1.0000000000000018,0.13109140405872546,1.823708608585493e-5,true
2.0,4,9,0.00010375833963532146,7.434126138441379e-5,0.00011266691141889906,0.031418740713603864,0.8,1.000000000000001,0.13108542101547904,1.823085986732291e-5,true
2.0,4,10,2.881767494194924e-5,1.5515179416502315e-5,2.35155704674919e-5,0.03142361613091095,0.8,1.000000000000002,0.13108349830566698,1.8229979938845727e-5,true
2.0,4,11,8.789436062024761e-6,3.844311224728356e-6,6.2856621936637335e-6,0.0314232245602495,0.8,1.0000000000000009,0.13108288300890522,1.8229685772348522e-5,true
2.0,4,12,2.838469399331492e-6,1.1652700234435595e-6,1.9052793895721264e-6,0.031422649858788995,0.8,1.0000000000000016,0.13108268194645037,1.822954511468569e-5,true
2.0,4,13,9.441620054511318e-7,3.7559389677934674e-7,6.141158927024414e-7,0.03142235360466134,0.8,1.0000000000000018,0.1310826153238675,1.8229482903838642e-5,true
2.0,4,14,3.186610682408681e-7,1.244916236357677e-7,2.049283420195118e-7,0.031422228766313696,0.8,1.0000000000000016,0.1310825930337813,1.822945756719868e-5,true
2.0,4,15,1.0834366047060115e-7,4.176875146702474e-8,6.927283724387614e-8,0.0314221803105426,0.8,1.0000000000000013,0.13108258552513163,1.8229447808894703e-5,true
2.0,4,16,3.698208731360616e-8,1.4097188122539316e-8,2.354888268004815e-8,0.03142216227986074,0.8,1.0000000000000013,0.13108258298340655,1.8229444185497643e-5,true
3.0,2,1,0.42474361723092524,NaN,NaN,0.4158621557062657,0.5,1.0000000000000002,0.07441448329928864,0.020592701313888385,true
3.0,2,2,0.22924684295448017,0.05098903410139369,0.11469877758032594,0.3677961756310548,0.55,0.9999999999999998,0.0705377345295573,0.0060418406513263745,true
3.0,2,3,0.12463435450211427,0.023955520126387637,0.0592803365594882,0.37135133683313054,0.6050000000000001,1.0000000000000004,0.06676520221469004,0.002843715113401368,true
3.0,2,4,0.07021724281230787,0.011888039988834014,0.030621893621081704,0.38547987052136207,0.6655000000000002,0.9999999999999997,0.0638351958838096,0.002243145990171116,true
3.0,2,5,0.04039437099955391,0.006318359114010263,0.01651500282340047,0.39838055658401667,0.7320500000000003,1.0000000000000002,0.06173148712381431,0.0021688472003040193,true
3.0,2,6,0.023165832806581806,0.0038227948709262626,0.010025516227360287,0.40798644993318495,0.8,0.9999999999999996,0.0602851362075619,0.002180807780717768,true
3.0,2,7,0.013135396505732679,0.0025210909689886304,0.006606197199140095,0.41448956062055714,0.8,0.9999999999999999,0.059335974679834806,0.0021997512773510594,true
3.0,2,8,0.007588675139813482,0.001522294032352613,0.003982293366324331,0.41826816056398436,0.8,0.9999999999999998,0.05878941360078291,0.002212719672625167,true
3.0,2,9,0.004433943689105646,0.0009243596836091861,0.002414901718476233,0.4204700495538361,0.8,1.0,0.05847030608408183,0.0022206137997641067,true
3.0,2,10,0.0026120059997104816,0.0005594038763681433,0.0014601898036567529,0.42176269053499826,0.8,0.9999999999999997,0.05828220925617024,0.002225302975317155,true
3.0,2,11,0.0015467895826770737,0.00033744335547993123,0.0008803465598915183,0.42252572597292704,0.8,0.9999999999999999,0.058170745503484965,0.0022280784845812936,true
3.0,2,12,0.0009192068308859322,0.00020305207406529313,0.0005295660967952592,0.4229781101166864,0.8,1.0000000000000002,0.05810446166100125,0.0022297233484227597,true
3.0,2,13,0.0005475264160809171,0.00012196377919239423,0.00031802355012301687,0.4232471392209364,0.8,1.0000000000000004,0.05806495767752355,0.0022307004177967386,true
3.0,2,14,0.0003266319250442944,7.316350034673552e-5,0.00019075337971967603,0.4234074593400407,0.8,1.0,0.05804138126021902,0.0022312820293294,true
3.0,2,15,0.00019504835012691812,4.384956964602163e-5,0.00011431750456929188,0.42350312781846994,0.8,0.9999999999999997,0.05802729829257263,0.0022316287936233236,true
3.0,2,16,0.00011654769420759653,2.6264252980655838e-5,6.846904341266443e-5,0.4235602671671039,0.8,1.0000000000000002,0.05801888145974993,0.0022318357723870065,true
3.0,2,17,6.983889890755734e-5,1.5724618832574208e-5,4.099193696896977e-5,0.4235945703995931,0.8,0.9999999999999999,0.058013832102884064,0.0022319594099174996,true
3.0,2,18,4.168950816354232e-5,9.415100943447732e-6,2.4543515657958365e-5,0.42361498051068364,0.8,1.0000000000000004,0.0580108229725624,0.0022320335193691462,true
3.0,2,19,2.4887913202398667e-5,5.635730895958615e-6,1.4691229202946164e-5,0.4236271565143528,0.8,0.9999999999999997,0.058009026362487205,0.0022320777304203287,true
3.0,2,20,1.4861340394917779e-5,3.37135654273003e-6,8.788408484061747e-6,0.4236344246320314,0.8,0.9999999999999998,0.05800795336500859,0.0022321041110264245,true
3.0,2,21,8.875741631986541e-6,2.015900779024957e-6,5.2550070794854545e-6,0.4236387644558328,0.8,1.0000000000000002,0.058007312452775434,0.002232119858625214,true
3.0,2,22,5.3015444551940595e-6,1.2050564227357887e-6,3.1413092922427666e-6,0.4236413562877467,0.8,0.9999999999999996,0.0580069295999652,0.002232129261663509,true
3.0,2,23,3.1668950588495365e-6,7.202151895956741e-7,1.8774357972706213e-6,0.423642904380007,0.8,0.9999999999999999,0.05800670088918086,0.00223213487737291,true
3.0,2,24,1.8918507884711371e-6,4.303900774472177e-7,1.1219274385076972e-6,0.42364382912724996,0.8,1.0000000000000004,0.05800656425624085,0.002232138231622954,true
3.0,2,25,1.1301977783756864e-6,2.5717341276869945e-7,6.70391360979572e-7,0.4236443815517725,0.8,0.9999999999999996,0.058006482629349924,0.0022321402352735806,true
3.0,2,26,6.751983991896976e-7,1.5366186738961018e-7,4.005607034951453e-7,0.42364471157032674,0.8,0.9999999999999999,0.058006433863368206,0.0022321414322126216,true
3.0,2,27,4.0338013008865957e-7,9.181011093545595e-8,2.3932754322775196e-7,0.4236449087280998,0.8,1.0,0.058006404729071905,0.002232142147264382,true
3.0,2,28,2.409914350709291e-7,5.485353990443807e-8,1.429903707661495e-7,0.42364502651475483,0.8,0.9999999999999998,0.058006387323248775,0.0022321425744464625,true
3.0,2,29,1.4397640939378407e-7,3.277268992327673e-8,8.543074603295508e-8,0.4236450968839516,0.8,0.9999999999999998,0.05800637692437695,0.002232142829654968,true
3.0,2,30,8.601669910270273e-8,1.9580108478128915e-8,5.1040766835264164e-8,0.42364513892484396,0.8,0.9999999999999999,0.058006370711698084,0.0022321429821240014,true
3.0,4,1,0.40935785434113525,NaN,NaN,0.2682414971763404,0.5,1.0000000000000007,0.08477816075460465,0.01821242779639243,true
3.0,4,2,0.22245719953676474,0.050864075174609,0.11448957227785078,0.13209812337365257,0.55,1.000000000000001,0.0809999092837254,0.003850964852785541,true
3.0,4,3,0.12262712295927662,0.02391142628213783,0.05926045192880235,0.06635455601145299,0.6050000000000001,1.0000000000000007,0.07731094576860421,0.0007088322867729837,true
3.0,4,4,0.06969993401703657,0.01181117591811123,0.030490166267808524,0.041249846207803254,0.6655000000000002,1.0000000000000007,0.07446521332948658,0.00011593041100482899,true
3.0,4,5,0.041542753973593076,0.0062157361063391505,0.016288730495412563,0.034342855002596706,0.7320500000000003,1.0000000000000007,0.07243832842982442,2.5690128547159696e-5,true
3.0,4,6,0.024866852788244694,0.0038863406549354174,0.01047573731413461,0.032292979708610385,0.8,0.9999999999999994,0.07105243916374092,1.4500380431025659e-5,true
3.0,4,7,0.01441481944361931,0.0025651005918742977,0.006897375614844171,0.03134536764205349,0.8,1.0000000000000002,0.07014249386388499,1.2785691656667892e-5,true
3.0,4,8,0.008511209745950741,0.0015163495722578988,0.004068288347516515,0.030822386428036648,0.8,1.0,0.0696141069956623,1.2193235428511902e-5,true
3.0,4,9,0.005071700974341794,0.0009198406349448453,0.002432794577582887,0.030605559510007478,0.8,1.0000000000000004,0.06930149922667554,1.1878766465600539e-5,true
3.0,4,10,0.0030501942166098438,0.0005630107596457767,0.0014738991492078885,0.030464567994772374,0.8,1.0000000000000002,0.0691142679094368,1.1703518109352931e-5,true
3.0,4,11,0.0018432269527428337,0.0003441601781983722,0.0009004829654815825,0.03038521525455641,0.8,1.0000000000000002,0.06900132406543179,1.1601814683906067e-5,true
3.0,4,12,0.001117262853838705,0.00021015446567921936,0.0005496780031821024,0.030340004766752134,0.8,1.0,0.06893291998156428,1.1541858547432575e-5,true
3.0,4,13,0.0006785525367275226,0.00012823288643717552,0.000335336187979507,0.03031371584655849,0.8,1.0000000000000002,0.06889139225196811,1.1506119625179628e-5,true
3.0,4,14,0.0004126215329725933,7.82077376920475e-5,0.0002044921250391927,0.03029818310993513,0.8,1.0000000000000002,0.06886614455572715,1.1484649384598609e-5,true
3.0,4,15,0.0002511074371470158,4.768278830199047e-5,0.0001246681447815376,0.030288903111634874,0.8,1.0000000000000002,0.06885078117660957,1.1471683594561351e-5,true
3.0,4,16,0.00015288990145259307,2.9065870478077363e-5,7.599010857251534e-5,0.030283318033339397,0.8,1.0000000000000007,0.06884142746148143,1.1463827155080154e-5,true
3.0,4,17,9.293595831885459e-5,1.7715224819103396e-5,4.631355681063808e-5,0.030280654609880196,0.8,1.0000000000000007,0.06883573605611384,1.1459056502342362e-5,true
3.0,4,18,5.6678208748592144e-5,1.078886905337845e-5,2.8205247651466898e-5,0.03027853778170223,0.8,1.0000000000000004,0.06883226961545083,1.1456180661541154e-5,true
3.0,4,19,3.4577026577770256e-5,6.575127119203585e-6,1.7189118178607143e-5,0.030277117312759862,0.8,1.0000000000000002,0.06883015579345084,1.1454419521961777e-5,true
3.0,4,20,2.109496812399088e-5,4.0084745163138885e-6,1.0479143719988075e-5,0.030276206852994293,0.8,1.0000000000000004,0.06882886645342284,1.1453339994440323e-5,true
3.0,4,21,1.2869629942661958e-5,2.4442701110992466e-6,6.389901676895351e-6,0.030275635109967253,0.8,1.0000000000000007,0.0688280799393103,1.1452679039166955e-5,true
3.0,4,22,7.851386379539594e-6,1.4906716539588622e-6,3.896959930083099e-6,0.030275279940452784,0.8,0.9999999999999994,0.0688276001393249,1.1452274819325992e-5,true
3.0,4,23,4.789839607627095e-6,9.091939841803311e-7,2.376839583484447e-6,0.030275060707069402,0.8,1.0,0.06882730744159754,1.1452027813086518e-5,true
3.0,4,24,2.922075784863638e-6,5.545734649773787e-7,1.4497797192758455e-6,0.030274925919124167,0.8,0.9999999999999997,0.06882712888315283,1.1451876958419415e-5,true
3.0,4,25,1.7826212539136995e-6,3.382831998328177e-7,8.843478622733159e-7,0.03027484326247064,0.8,1.000000000000001,0.0688270199545286,1.1451784860454781e-5,true
3.0,4,26,1.087488456173293e-6,2.0635474822152544e-7,5.394572374362028e-7,0.030274792660632457,0.8,1.0000000000000007,0.0688269535031918,1.1451728647728737e-5,true
3.0,4,27,6.634203781163765e-7,1.2588010275334942e-7,3.2907853819708066e-7,0.030274761717716404,0.8,1.0000000000000002,0.06882691296491139,1.145169434351261e-5,true
3.0,4,28,4.047174813001891e-7,7.679015366971297e-8,2.007464869890896e-7,0.03027474281066131,0.8,1.0000000000000002,0.06882688823475953,1.1451673411458721e-5,true
3.0,4,29,2.4689620768367383e-7,4.684442654638809e-8,1.224617078854351e-7,0.030274731263856054,0.8,1.0000000000000004,0.06882687314827349,1.1451660639918424e-5,true
3.0,4,30,1.5061783055249037e-7,2.85767615211212e-8,7.470598151204656e-8,0.030274724214536065,0.8,1.0000000000000004,0.06882686394485234,1.1451652847859383e-5,true
3.0,4,31,9.188360018594611e-8,1.7432911944754592e-8,4.5573490092820634e-8,0.03027471991195012,0.8,1.0000000000000002,0.06882685833036088,1.1451648094003817e-5,true
4.8,2,1,0.6288981844652511,NaN,NaN,0.5875794910764545,0.5,0.9999999999999997,0.017250094661429103,0.027762990935390888,true
4.8,2,2,0.46747714622482806,0.04408858402253158,0.22774369997795435,0.6016419482777736,0.55,0.9999999999999997,0.011096403387915406,0.003350800504525618,true
4.8,2,3,0.5870373802388558,0.020748943296788117,0.11805505356377805,0.684492322456098,0.275,1.0000000000000002,0.007572791683429257,0.00189034716343605,true
4.8,2,4,0.6200962383826504,0.008443155226865865,0.048830804887218124,0.682505363699156,0.1375,0.9999999999999997,0.007407977975970251,0.0017191201208732628,true
4.8,2,5,0.6651509328898642,0.0039124136643931716,0.022645335343112184,0.6273343084979675,0.06875,1.0000000000000002,0.008519680769733244,0.0015326464788884987,true
4.8,2,6,0.7092798917695811,0.002088472649884288,0.012086137014381595,0.54512952381189,0.05,1.0000000000000004,0.010009719925856156,0.0013421714442375288,true
4.8,2,7,0.7332341808214814,0.0016634341499040899,0.009624195566637917,0.46307413580473716,0.05,1.0,0.01120548731473748,0.001139177247767024,true
4.8,2,8,0.7372768050641786,0.0016536145775948225,0.009564988300197487,0.3919889341209497,0.05,0.9999999999999998,0.011977170719214107,0.0009212879545372531,true
4.8,2,9,0.7279337867630309,0.0014880988653729163,0.008605349287311272,0.33740184744297647,0.05,1.0,0.0123962305386304,0.0007297411564009171,true
4.8,2,10,0.7112817500993189,0.0012575001079470662,0.007270084352633437,0.2961012585190861,0.05,1.0000000000000002,0.012610242539156432,0.0005780219243579652,true
4.8,2,11,0.6908959200424715,0.0010350679254650134,0.005982859420070946,0.2638957275446144,0.05500000000000001,1.0,0.01271622261907354,0.0004623741979347538,true
4.8,2,12,0.666121817210657,0.000922983966689356,0.0053340091584379535,0.23638080538006712,0.05500000000000001,1.0,0.012761228833803935,0.00036721699749142324,true
4.8,2,13,0.6404962571264255,0.0007443805564026253,0.00430115231669581,0.21388040905613812,0.05500000000000001,0.9999999999999999,0.012771118271442368,0.0002963639455465418,true
4.8,2,14,0.6145428638531137,0.0006091127698372815,0.003589289762652046,0.19552501650471962,0.06050000000000001,1.0,0.01275849422870009,0.0002427325087914329,true
4.8,2,15,0.5861469674040699,0.0006026455708225296,0.003549969073807263,0.17883440623977784,0.06050000000000001,0.9999999999999999,0.012730678896321653,0.0001978221272130521,true
4.8,2,16,0.55830416719902,0.0005377275383549948,0.003166531003486518,0.16491526141385573,0.06050000000000001,1.0,0.01269529766696942,0.00016349360541464955,true
4.8,2,17,0.5313112962058322,0.0004797486166623107,0.002824281396998675,0.15293201113131333,0.06655000000000001,0.9999999999999997,0.012657315895259537,0.00013678773665492578,true
4.8,2,18,0.5026489545725905,0.0004697594787596279,0.0027647126188922225,0.14155544097046846,0.06655000000000001,1.0,0.012614425568065307,0.00011377853651323189,true
4.8,2,19,0.4751454768985387,0.0004161892552702646,0.002448796501715242,0.13185315265497793,0.06655000000000001,0.9999999999999996,0.012571272026873276,9.572193084109698e-5,true
4.8,2,20,0.4488600171647297,0.0003697796582944202,0.002175225426178041,0.12347847452466204,0.07320500000000002,1.0,0.012529028589650621,8.134751693457702e-5,true
4.8,2,21,0.42136547697970644,0.00036131868779894357,0.002124993313204329,0.11534269480015091,0.07320500000000002,0.9999999999999997,0.012484764936591751,6.869919105475459e-5,true
4.8,2,22,0.39537262024319547,0.0003196324176695843,0.001879446047232019,0.10823264057660065,0.07320500000000002,0.9999999999999999,0.012442768589329507,5.858809777272267e-5,true
4.8,2,23,0.37084232667459543,0.0002838598155420222,0.0016688008640999936,0.10197551267343592,0.08052550000000003,1.0,0.012403138180082365,5.040905020261606e-5,true
4.8,2,24,0.3454137666629733,0.00027753440619430195,0.0016313387586182363,0.09589997495432967,0.08052550000000003,1.0,0.012362183466592054,4.3104216103358474e-5,true
4.8,2,25,0.3216437647203734,0.00024553675746360185,0.0014430298644771058,0.09051609417151461,0.08052550000000003,0.9999999999999997,0.01232410672773306,3.718991482065709e-5,true
4.8,2,26,0.29941583187029674,0.00021810827004448163,0.0012816516286944164,0.08578120313013139,0.08857805000000003,0.9999999999999999,0.012288562353233345,3.235294013610547e-5,true
4.8,2,27,0.27659197809126,0.00021336368629148227,0.0012536072048271944,0.08115472847348333,0.08857805000000003,1.0,0.012252247197165743,2.7988573510011315e-5,true
4.8,2,28,0.2554282999149539,0.0001887363473201426,0.0011087748371209618,0.07711631495158232,0.08857805000000003,0.9999999999999998,0.01221861303976105,2.4423831218499385e-5,true
4.8,2,29,0.2358735165635402,0.00016755111952076164,0.0009842103497100087,0.07347203482734935,0.09743585500000004,0.9999999999999998,0.012187736673384172,2.1486824077918372e-5,true
4.8,2,30,0.21601158579426358,0.00016387970007787476,0.0009625465097446251,0.06983815652739679,0.09743585500000004,1.0,0.012156564478222333,1.8817054940837015e-5,true
4.8,2,31,0.1977580084596662,0.00014484176789208707,0.0008506468141616643,0.0666926983318518,0.09743585500000004,0.9999999999999998,0.01212784188682412,1.6622139561011742e-5,true
4.8,2,32,0.18102890539047228,0.00012841398833275734,0.000754104173490152,0.06389774674217794,0.10717944050000006,0.9999999999999996,0.012101533309562823,1.4803552958514896e-5,true
4.8,2,33,0.16417050743009026,0.00012541450741183842,0.0007473842614136556,0.0611616473718691,0.10717944050000006,0.9999999999999998,0.012075030622781794,1.3141352526488016e-5,true
4.8,2,34,0.14887244147649054,0.00011054171981445276,0.0006695011446459418,0.05874350663893041,0.10717944050000006,0.9999999999999999,0.012050943057487634,1.1768787329656152e-5,true
4.8,2,35,0.13499436031385809,9.906071127565533e-5,0.0006005917447059757,0.05659988701187347,0.11789738455000007,0.9999999999999998,0.012029035935472122,1.062680595386065e-5,true
4.8,2,36,0.12114909035005886,9.780301430730241e-5,0.0005929081106173642,0.05450670076732352,0.11789738455000007,0.9999999999999998,0.012007118965781811,9.578437834097933e-6,true
4.8,2,37,0.1087234239200032,8.700850431510761e-5,0.0005274200018796473,0.052663705294528386,0.11789738455000007,0.9999999999999994,0.011987354499154019,8.70965123142792e-6,true
4.8,2,38,0.09757372108955074,7.751064078280569e-5,0.00046980786481667106,0.05103681165690328,0.12968712300500007,0.9999999999999998,0.011969519665798373,7.984522613858981e-6,true
4.8,2,39,0.08656228700868372,7.599478986572966e-5,0.0004605843257559338,0.049468784512548616,0.12968712300500007,0.9999999999999998,0.011951792229672725,7.316542346301832e-6,true
4.8,2,40,0.07680635095317728,6.705382445536345e-5,0.0004063661110045401,0.048081592722971946,0.12968712300500007,0.9999999999999996,0.011935973644904105,6.761640370412313e-6,true
4.8,2,41,0.06815496501481763,5.9247878700895165e-5,0.0003590367772394678,0.04686442881942128,0.14265583530550008,0.9999999999999999,0.01192182584739198,6.297504825735854e-6,true
4.8,2,42,0.05971583494835289,5.761867146681607e-5,0.0003491432007673701,0.04568907516185306,0.14265583530550008,0.9999999999999998,0.011907904045451622,5.868954463926834e-6,true
4.8,2,43,0.05233307898301276,5.036965071044398e-5,0.0003052006191667585,0.044659301822814614,0.14265583530550008,0.9999999999999999,0.011895598642595283,5.512491919904246e-6,true
4.8,2,44,0.045861381783825386,4.408690615011935e-5,0.0002671192339134818,0.04377618712276483,0.1569214188360501,0.9999999999999998,0.011884683878318616,5.214133051019714e-6,true
4.8,2,45,0.03962955754608005,4.246113032982825e-5,0.00025725739379551025,0.04292947012339686,0.1569214188360501,0.9999999999999998,0.011874056526402735,4.938521979433267e-6,true
4.8,2,46,0.034251335936249974,3.6708469541930736e-5,0.00022239497570807998,0.042200550678573055,0.1569214188360501,1.0,0.011864764488877928,4.709506145949971e-6,true
4.8,2,47,0.02960916387555487,3.176572255826476e-5,0.00019244301760065196,0.041572094363589426,0.1726135607196551,0.9999999999999998,0.011856637167412174,4.518182539738531e-6,true
4.8,2,48,0.025200965767753127,3.025415245096441e-5,0.00018327977699171934,0.040975519955868796,0.1726135607196551,1.0,0.011848816944348868,4.3417806987875185e-6,true
4.8,2,49,0.021455022205504735,2.58228451869155e-5,0.00015643037576460253,0.04046790332602842,0.1726135607196551,0.9999999999999998,0.011842070478754347,4.195753466002926e-6,true
4.8,2,50,0.018271076959835663,2.2058588893045525e-5,0.00013362384894838455,0.04003545414529322,0.18987491679162063,0.9999999999999994,0.011836248992299164,4.074328993622049e-6,true
4.8,2,51,0.01529557944174627,2.0738029880061648e-5,0.00012562154236846632,0.039626417631080005,0.18987491679162063,1.0000000000000004,0.011830726721270677,3.962942716215143e-6,true
4.8,2,52,0.012811168431949896,1.7443852628766895e-5,0.0001056648231525488,0.039280092101585666,0.18987491679162063,0.9999999999999999,0.011826039476193968,3.871392068951906e-6,true
4.8,2,53,0.010734341079490286,1.4685511310961687e-5,8.895489242386713e-5,0.03898899814483345,0.20886240847078272,0.9999999999999999,0.011822055681304282,3.7958657623941257e-6,true
4.8,2,54,0.008822760480823085,1.3606128711239724e-5,8.241550812070417e-5,0.0387215833547591,0.20886240847078272,1.0,0.01181832855704061,3.7271649968948913e-6,true
4.8,2,55,0.007242832415235023,1.1253054198248205e-5,6.816150025671012e-5,0.03852067904984974,0.20886240847078272,0.9999999999999996,0.011815191013204645,3.6713336441187163e-6,true
4.8,2,56,0.005957259104725988,9.294056444183602e-6,5.629494108495089e-5,0.038340681024884964,0.22974864931786101,0.9999999999999999,0.011812594276931494,3.6259239622949117e-6,true
4.8,2,57,0.004796578527588376,8.461947289831694e-6,5.125430374552122e-5,0.03817704374949729,0.22974864931786101,1.0000000000000002,0.011810209737746994,3.5851497446684863e-6,true
4.8,2,58,0.0038863043139290014,6.862648176597411e-6,4.1566959986030605e-5,0.03800839341618046,0.22974864931786101,0.9999999999999998,0.011808305135135758,3.552513573256465e-6,true
4.8,2,59,0.0031330740193410123,5.604716541232212e-6,3.3947463760406676e-5,0.03789962775028367,0.2527235142496471,1.0,0.011806699855386576,3.5261679246817488e-6,true
4.8,2,60,0.0024666157617441974,5.005046016370209e-6,3.0457628034431352e-5,0.03780262885845942,0.2779958656746119,0.9999999999999998,0.011805254735611892,3.5028949945676465e-6,true
4.8,2,61,0.00189089245651839,4.368101733254337e-6,2.673298375220882e-5,0.03771809300163437,0.3057954522420731,1.0,0.011803982713595016,3.4828034386215446e-6,true
4.8,2,62,0.0014067413298565232,3.7149875290012934e-6,2.2872356085622838e-5,0.03764630387334959,0.33637499746628047,1.0,0.011802891090363098,3.465901359684434e-6,true
4.8,2,63,0.001011724066835312,3.068707149424317e-6,1.9012395889427554e-5,0.03758709762934554,0.3700124972129085,1.0,0.01180198078299366,3.452092028621354e-6,true
4.8,2,64,0.0007002418004417932,2.45246473885598e-6,1.5294459815916472e-5,0.03753986119456096,0.4070137469341994,0.9999999999999996,0.011801246019683347,3.4411773379332842e-6,true
4.8,2,65,0.0004639389817037045,1.8876582632383767e-6,1.185263426174234e-5,0.03750356962252006,0.4477151216276194,1.0000000000000002,0.011800674594458507,3.4328699531451183e-6,true
4.8,2,66,0.00029237973852260716,1.3918036654450902e-6,8.80078164495816e-6,0.037476863576550806,0.4924866337903814,0.9999999999999993,0.01180024874111706,3.4268140404568464e-6,true
4.8,2,67,0.00017393273370223163,9.82036395851171e-7,6.220517260295138e-6,0.037458161658662684,0.5417352971694196,1.0,0.011799946597397571,3.422613020291199e-6,true
4.8,2,68,9.67554591986197e-5,6.555399335868917e-7,4.152384287729737e-6,0.0374457953444,0.5959088268863616,0.9999999999999996,0.011799744121358091,3.4198612747799145e-6,true
4.8,2,69,4.97389581628789e-5,4.0926068666176207e-7,2.5923764618355192e-6,0.037438148349210915,0.6554997095749978,0.9999999999999998,0.011799617214404002,3.418175525628102e-6,true
4.8,2,70,2.3271288252020175e-5,2.3604705432219845e-7,1.495190111712557e-6,0.03743377934704972,0.7210496805324976,1.0,0.011799543730573358,3.4172211607107434e-6,true
4.8,2,71,1.0272244432705627e-5,1.237982158370958e-7,7.841733869967825e-7,0.03743059627152691,0.7931546485857475,1.0,0.011799506121386054,3.4167294513664896e-6,true
4.8,2,72,4.191734322292448e-6,6.100798720352899e-8,3.8644202587291695e-7,0.03742867883604214,0.8,1.0,0.01179948822636702,3.416487850973329e-6,true
4.8,2,73,1.8166882631120324e-6,2.5331978328593066e-8,1.6045997962421699e-7,0.037427674291117256,0.8,1.0,0.011799481185112412,3.416386515170443e-6,true
4.8,2,74,8.138229363226094e-7,1.098339091655571e-8,6.957193038959494e-8,0.0374271885900804,0.8,1.0,0.011799478264400809,3.4163416584892085e-6,true
4.8,2,75,3.6884422657185454e-7,4.910251502224307e-9,3.110293299724094e-8,0.037426961322374566,0.8,1.0,0.011799476994555105,3.4163212560057986e-6,true
4.8,2,76,7.37688454133669e-8,2.2211469280749564e-9,1.4069377913492566e-8,0.037426960217010224,0.8,1.0,0.011799476994555105,3.4163119239581823e-6,true
4.8,4,1,0.6414162410519858,NaN,NaN,0.3834796011200143,0.5,0.9999999999999999,0.025629770599288035,0.0264678663167708,true
4.8,4,2,0.5179156680702899,0.04376744200303071,0.22539269953383137,0.13335780045254414,0.5,1.0,0.019265248503214077,0.0015991463957852753,true
4.8,4,3,0.4859664440881683,0.019624997569869452,0.11144803367466655,0.05704981812235689,0.5,0.9999999999999999,0.01547804472143194,9.535620545554494e-5,true
4.8,4,4,0.5778560812065315,0.013173210209670425,0.07615236584126672,0.03750291282953166,0.25,1.0000000000000002,0.01361862989888049,8.591389267267333e-6,true
4.8,4,5,0.5688504751606425,0.005133742688564916,0.029724911878933627,0.034726835212350704,0.25,1.0,0.013112966164690449,4.81313454983159e-6,true
4.8,4,6,0.5482088931191444,0.0037244115853069305,0.021550515469711106,0.032609501026882565,0.25,1.0000000000000002,0.01276348328459951,3.5222872377996714e-6,true
4.8,4,7,0.5174559930085885,0.0026342568814253257,0.015232866655014781,0.030792455048063522,0.275,0.9999999999999999,0.01251547738270584,2.8621545163525098e-6,true
4.8,4,8,0.47482008016942534,0.001982588775580736,0.011458643174902663,0.02903977612170873,0.275,1.0,0.012318279285428098,2.390162619571184e-6,true
4.8,4,9,0.42615182069591934,0.0013413707918134695,0.007749671500628852,0.027472680457904648,0.275,1.0000000000000007,0.012175746926104127,2.054769220864271e-6,true
4.8,4,10,0.3752000854802391,0.0009162872364477364,0.005292396887144211,0.026023158296959226,0.30250000000000005,0.9999999999999999,0.012070580790401646,1.7987224851689123e-6,true
4.8,4,11,0.3202942316485385,0.0006905160591227432,0.003987622526192611,0.024414062133817856,0.30250000000000005,0.9999999999999998,0.011983873331654056,1.5699648033956708e-6,true
4.8,4,12,0.2695698871444479,0.00047463390123841096,0.0027405713248352397,0.02271836325515869,0.30250000000000005,0.9999999999999994,0.01191960593372795,1.3677862704595294e-6,true
4.8,4,13,0.22553484951958236,0.0003345860056179873,0.0019317470080564073,0.020427297233752185,0.3327500000000001,0.9999999999999996,0.011870312034955763,1.166114162809758e-6,true
4.8,4,14,0.1835338048835206,0.0002648733471689433,0.0015291546856930332,0.017313940837440304,0.3327500000000001,1.0000000000000002,0.011828503861571228,9.142342065649271e-7,true
4.8,4,15,0.14756704544765176,0.00019029051562162477,0.0010985205381274636,0.013361492628188186,0.3327500000000001,1.0000000000000009,0.01179681981992529,6.408369555708809e-7,true
4.8,4,16,0.11489253940000024,0.00013859519112039613,0.0008000613609581726,0.00983286284805773,0.36602500000000016,1.0000000000000002,0.01177446587188153,4.017244646914046e-7,true
4.8,4,17,0.08403555064291574,0.00011406280476549809,0.0006695339394900823,0.006973782209234648,0.4026275000000002,1.0000000000000009,0.011757573472168567,2.2096896112616314e-7,true
4.8,4,18,0.057799275076036896,9.679384123654985e-5,0.0005681284338580833,0.004833167128980104,0.44289025000000026,0.9999999999999997,0.01174508677970182,1.0981097600538683e-7,true
4.8,4,19,0.037255331113038984,7.753893643704558e-5,0.0004550865317901124,0.003434973522202535,0.48717927500000036,1.0000000000000004,0.011736163213397523,5.111234159161406e-8,true
4.8,4,20,0.022536969312837093,5.8256986131627094e-5,0.0003419030020322987,0.0025018076107968857,0.5358972025000004,1.0,0.011729939361524043,2.3595841709820403e-8,true
4.8,4,21,0.012747750275841489,4.118184614540022e-5,0.00024168327711202652,0.0019054555848901705,0.5894869227500005,1.0000000000000002,0.011725776047977404,1.167139928774411e-8,true
4.8,4,22,0.006704641427270186,2.72928707585645e-5,0.00016016966868536407,0.0015460375262539737,0.6484356150250006,0.9999999999999996,0.01172311175473022,6.691613920529059e-9,true
4.8,4,23,0.0032632951200319703,1.6843375019642013e-5,9.884481584078984e-5,0.001329405512038003,0.7132791765275007,0.9999999999999996,0.0117216708104397,4.608259019909544e-9,true
4.8,4,24,0.0014869705720084757,9.60552644538487e-6,5.636924033876468e-5,0.0011423777207640001,0.7846070941802509,0.9999999999999993,0.011722324023788169,3.829643045250617e-9,true
4.8,4,25,0.0004652724436090098,5.0604321410406215e-6,2.969658594535816e-5,0.0011480248409253182,0.8,1.0,0.011719983579499632,3.340876418893107e-9,true
4.8,4,26,0.00015584811375665784,1.8432134498375324e-6,1.1165629797692495e-5,0.0011492830043286393,0.8,0.9999999999999993,0.011719627130467251,3.2694673776056374e-9,true
4.8,4,27,6.556363229157672e-5,6.941901554025993e-7,4.205188264366218e-6,0.001154442705517235,0.8,1.0000000000000002,0.011719529205599544,3.24387624620887e-9,true
4.8,4,28,3.520400719550429e-5,3.0361227354277876e-7,1.839187814848218e-6,0.001160462675111788,0.8,1.0000000000000004,0.011719522182929841,3.2275454006942033e-9,true
4.8,4,29,2.321261009674218e-5,1.5870810514722262e-7,9.61403622105251e-7,0.0011662946827583336,0.8,0.9999999999999998,0.011719544965660593,3.2152188247065093e-9,true
4.8,4,30,1.7463536339695592e-5,9.958806915340952e-8,6.032730137982392e-7,0.0011715961129707437,0.8,0.9999999999999993,0.011719575132805554,3.2056979507239828e-9,true
4.8,4,31,1.4085147697589476e-5,7.199958046515106e-8,4.36150637385778e-7,0.0011762809872206753,0.8,1.0,0.011719604838283047,3.198345196761838e-9,true
4.8,4,32,1.1742368392249495e-5,5.6715739209810414e-8,3.435659472473604e-7,0.0011803604433946588,0.8,1.0,0.011719631633524878,3.1926609930985756e-9,true
4.8,4,33,9.939011980256938e-6,4.669288974109796e-8,2.828506904251115e-7,0.0011838811541368768,0.8,0.9999999999999993,0.011719655014577245,3.1882464675484884e-9,true
4.8,4,34,8.472556392855606e-6,3.925346613817011e-8,2.3778501478943802e-7,0.0011869006086688192,0.8,1.0,0.01171967514020721,3.1847930457444067e-9,true
4.8,4,35,7.248539150719651e-6,3.331921805254475e-8,2.0183721904931673e-7,0.0011894770399184346,0.8,1.0,0.01171969236361877,3.1820669515971412e-9,true
4.8,4,36,6.214708088031403e-6,2.84111742700672e-8,1.721058460191216e-7,0.0011916653635958493,0.8,1.0000000000000004,0.011719707066316518,3.1798927380092832e-9,true
4.8,4,37,5.336872719212454e-6,2.4282871792076687e-8,1.4709789997180422e-7,0.0011935156613050663,0.8,1.0000000000000009,0.011719719603083132,3.1781390825291047e-9,true
4.8,4,38,4.589712455082454e-6,2.078394939602544e-8,1.2590253994915201e-7,0.0011950727756819379,0.8,0.9999999999999998,0.011719730287167641,3.1767075995438264e-9,true
4.8,4,39,3.953069131495373e-6,1.7808359138344603e-8,1.0787736048900598e-7,0.0011963764049249318,0.8,0.9999999999999998,0.011719739389521738,3.1755243722638552e-9,true
4.8,4,40,3.410297278523532e-6,1.5273931261066595e-8,9.252460286823805e-8,0.0011974614224538928,0.8,1.0000000000000002,0.011719747142525407,3.1745336516707027e-9,true
4.8,4,41,2.9474145035302533e-6,1.3122561100531991e-8,7.943862467829632e-8,0.001198358291063319,0.8,0.9999999999999998,0.011719753744769345,3.173693198659143e-9,true
4.8,4,42,2.5525833252670135e-6,1.1322940678992737e-8,6.828070542308495e-8,0.001199093506416945,0.8,1.0000000000000004,0.011719759365719758,3.1729708476429475e-9,true
4.8,4,43,2.2157465224168073e-6,9.78797900905199e-9,5.876481001809708e-8,0.0011996900356105835,0.8,1.0000000000000007,0.011719764149906229,3.1723419696836763e-9,true
4.8,4,44,1.928345329028438e-6,8.478556032730116e-9,5.064819497135886e-8,0.0012001677327568045,0.8,1.0,0.011719768220565967,3.1717875965501865e-9,true
4.8,4,45,1.683090267138304e-6,7.361388009949372e-9,4.372434858623819e-8,0.0012005437227354382,0.8,1.0000000000000004,0.011719771682776176,3.171293030300541e-9,true
4.8,4,46,1.473770310519967e-6,6.408127372133544e-9,3.7817418530039504e-8,0.0012008327493850004,0.8,0.9999999999999998,0.011719774626131219,3.1708468106392523e-9,true
4.8,4,47,1.2950919868507222e-6,5.594618972840535e-9,3.283127725239865e-8,0.0012010474871756594,0.8,1.0000000000000002,0.011719777127027157,3.170439943423249e-9,true
4.8,4,48,1.142543228729155e-6,4.900275494076955e-9,2.8756614922631498e-8,0.0012011988178956823,0.8,0.9999999999999993,0.011719779250608114,3.17006532403589e-9,true
4.8,4,49,1.0122774106712923e-6,4.307553373701027e-9,2.5278303894538116e-8,0.0012012960742805272,0.8,1.0,0.011719781052426386,3.1697173047724877e-9,true
4.8,4,50,9.010149932873085e-7,3.8014904445984225e-9,2.230854079243727e-8,0.0012013472533588395,0.8,1.0000000000000004,0.01171978257985629,3.169391366937644e-9,true
4.8,4,51,8.059598074430926e-7,3.3693326876284473e-9,1.9772480486235366e-8,0.001201359202446631,0.8,1.0000000000000009,0.011719783873298974,3.1690838724847708e-9,true
4.8,4,52,7.247275447052946e-7,3.000206857340253e-9,1.760631468394891e-8,0.0012013377806626825,0.8,1.0,0.011719784967209882,3.1687918750510345e-9,true
4.8,4,53,6.552849849852621e-7,2.684838479695695e-9,1.5755617255308607e-8,0.0012012879988561537,0.8,1.0000000000000002,0.011719785890974943,3.168512975686891e-9,true
4.8,4,54,5.958983225782281e-7,2.4153210278530032e-9,1.417398998171393e-8,0.0012012141403569055,0.8,0.9999999999999999,0.011719786669656507,3.1682452095196174e-9,true
4.8,4,55,5.450889725887955e-7,2.184912777771648e-9,1.2821869788126605e-8,0.0012011198651670474,0.8,1.0000000000000004,0.011719787324629775,3.1679869601044965e-9,true
4.8,4,56,5.015959531948363e-7,1.9878605895695333e-9,1.166549523645699e-8,0.0012010082995674647,0.8,0.9999999999999998,0.011719787874125436,3.16773689091441e-9,true
4.8,4,57,4.643437927160467e-7,1.8192616301272671e-9,1.067609461946618e-8,0.0012008821131498455,0.8,1.0000000000000009,0.011719788333692992,3.167493892773439e-9,true
4.8,4,58,4.324153331065603e-7,1.6749331911562764e-9,9.829122404880763e-9,0.0012007435848953793,0.8,1.0000000000000004,0.01171978871659462,3.1672570409730098e-9,true
4.8,4,59,4.050282855152713e-7,1.551307930457601e-9,9.103644060814986e-9,0.0012005946598667824,0.8,1.0,0.01171978903414178,3.1670255626586102e-9,true
4.8,4,60,3.8151544220856754e-7,1.4453428320132456e-9,8.48180198298466e-9,0.00120043699780107,0.8,0.9999999999999999,0.011719789295982816,3.1667988089843282e-9,true
4.8,4,61,3.6130775985139286e-7,1.3544440191185554e-9,7.948374347588339e-9,0.0012002720146279473,0.8,1.0000000000000004,0.011719789510346567,3.1665762342854263e-9,true
4.8,4,62,3.439198806738299e-7,1.2763987954243748e-9,7.490376374708076e-9,0.0012001009181014134,0.8,1.0000000000000002,0.01171978968425205,3.1663573781892062e-9,true
4.8,4,63,3.2893781291810053e-7,1.2093170488481665e-9,7.096716048149446e-9,0.0011999247381818674,0.8,1.0,0.011719789823685647,3.166141851129109e-9,true
4.8,4,64,3.160084591367823e-7,1.1515902855115232e-9,6.757954251757085e-9,0.0011997443530599484,0.8,1.0000000000000004,0.011719789933753742,3.1659293232149647e-9,true
4.8,4,65,3.048306289625424e-7,1.1018457205523534e-9,6.4660348741973905e-9,0.0011995605114036609,0.8,0.9999999999999996,0.011719790018811484,3.165719514182643e-9,true
4.8,4,66,2.9514743462147676e-7,1.0589109959695039e-9,6.214078140942547e-9,0.001199373851287933,0.8,1.0000000000000007,0.01171979008257357,3.165512185415445e-9,true
4.8,4,67,2.867397579450151e-7,1.021786289962589e-9,5.996216745352001e-9,0.0011991849164723208,0.8,1.0000000000000002,0.011719790128208448,3.1653071336482217e-9,true
4.8,4,68,2.794206808967304e-7,9.896207782019274e-10,5.807457736928274e-9,0.0011989941701923885,0.8,0.9999999999999996,0.01171979015841845,3.1651041851478107e-9,true
4.8,4,69,2.730308152964056e-7,9.616878646650253e-10,5.643537193122938e-9,0.0011988020070137376,0.8,0.9999999999999998,0.011719790175508425,3.164903191063841e-9,true
4.8,4,70,2.6743415940655237e-7,9.37366494610051e-10,5.500810362768523e-9,0.0011986087628997946,0.8,1.0000000000000004,0.011719790181444232,3.1647040238832512e-9,true
4.8,4,71,2.6251469055990017e-7,9.161269314222593e-10,5.376168898951761e-9,0.0011984147238608515,0.8,1.0,0.011719790177902603,3.164506574498586e-9,true
4.8,4,72,2.5817349090512193e-7,8.975193348245622e-10,5.2669726358089974e-9,0.0011982201332512887,0.8,0.9999999999999998,0.011719790166313566,3.1643107485200312e-9,true
4.8,4,73,2.5432619336367416e-7,8.811589798637221e-10,5.170964101353093e-9,0.001198025198052813,0.8,1.0000000000000009,0.011719790147896533,3.1641164643394027e-9,true
4.8,4,74,2.5090076353572305e-7,8.667174424113989e-10,5.086215837390995e-9,0.001197830094234051,0.8,0.9999999999999996,0.011719790123691735,3.163923651971931e-9,true
4.8,4,75,2.478357851022857e-7,8.539138372169964e-10,5.011079606820346e-9,0.0011976349713426514,0.8,0.9999999999999996,0.011719790094586461,3.163732250648931e-9,true
4.8,4,76,2.4507893325757014e-7,8.425111075093565e-10,4.944164244680158e-9,0.0011974399563221198,0.8,0.9999999999999992,0.011719790061336778,3.1635422068808443e-9,true
4.8,4,77,2.425854479751546e-7,8.323031295110005e-10,4.88425999645161e-9,0.001197245156915863,0.8,1.0000000000000004,0.011719790024588162,3.1633534752312083e-9,true
4.8,4,78,2.403172921940285e-7,8.231180117163631e-10,4.830358391050282e-9,0.0011970506644347863,0.8,1.0,0.011719789984890566,3.1631660146843844e-9,true
4.8,4,79,2.3824185779530595e-7,8.14807367225142e-10,4.781588458513397e-9,0.0011968565562187285,0.8,1.0000000000000002,0.01171978994271318,3.1629797904826275e-9,true
4.8,4,80,2.3633148901326615e-7,8.072440789386273e-10,4.737204351012991e-9,0.0011966628976680346,0.8,1.0000000000000004,0.011719789898455913,3.16279477105758e-9,true
4.8,4,81,2.3456250015648337e-7,8.003201319381349e-10,4.6965720756908524e-9,0.0011964697440168318,0.8,1.0000000000000004,0.011719789852459585,3.1626109288647516e-9,true
4.8,4,82,2.329146578957956e-7,7.939440405168057e-10,4.659154839714574e-9,0.0011962771418268638,0.8,1.0,0.011719789805015233,3.1624282396531626e-9,true
4.8,4,83,2.31370792514424e-7,7.880371592133538e-10,4.624491067861669e-9,0.0011960851302631492,0.8,1.0,0.011719789756370589,3.1622466814476744e-9,true
4.8,4,84,2.2991621842469748e-7,7.825322314570176e-10,4.592186131358055e-9,0.001195893742190748,0.8,1.0000000000000004,0.011719789706736775,3.162066234346662e-9,true
4.8,4,85,2.2853835895887198e-7,7.773727142667384e-10,4.5619081845416945e-9,0.0011957030051096013,0.8,0.9999999999999998,0.011719789656294019,3.161886881082801e-9,true
4.8,4,86,2.2722652669247424e-7,7.725092270100634e-10,4.533367459202985e-9,0.001195512941938271,0.8,1.0000000000000007,0.011719789605195697,3.1617086056881474e-9,true
4.8,4,87,2.259716359025837e-7,7.679003144087355e-10,4.506320705477407e-9,0.0011953235716803767,0.8,0.9999999999999999,0.011719789553572384,3.1615313931716257e-9,true
4.8,4,88,2.2476584174545823e-7,7.635114559680348e-10,4.480565252151791e-9,0.0011951349100311464,0.8,1.0000000000000002,0.011719789501535646,3.161355230603084e-9,true
4.8,4,89,2.236025548097258e-7,7.593099659095064e-10,4.4559093081986134e-9,0.00119494696983749,0.8,1.0000000000000007,0.011719789449180174,3.1611801053388396e-9,true
4.8,4,90,2.2247609044900208e-7,7.552734753179713e-10,4.4322217007675135e-9,0.001194759761543272,0.8,0.9999999999999998,0.011719789396586612,3.1610060059226558e-9,true
4.8,4,91,2.213815719753947e-7,7.513768119374942e-10,4.409354714685065e-9,0.001194573293524382,0.8,1.0000000000000004,0.011719789343823988,3.16083292192942e-9,true
4.8,4,92,2.2031492236579367e-7,7.476030306519176e-10,4.38720876294596e-9,0.0011943875724180185,0.8,0.9999999999999991,0.01171978929095057,3.160660843292578e-9,true
4.8,4,93,2.1927260532342723e-7,7.439352267966769e-10,4.365684758145272e-9,0.0011942026033578224,0.8,0.9999999999999999,0.011719789238015983,3.1604897602890573e-9,true
4.8,4,94,2.1825156672014035e-7,7.403597334184766e-10,4.344702431158345e-9,0.001194018390214837,0.8,1.0,0.011719789185062758,3.160319664348324e-9,true
4.8,4,95,2.1724929450685938e-7,7.368650420512926e-10,4.3241942804251665e-9,0.0011938349357892614,0.8,0.9999999999999996,0.011719789132126665,3.160150546799041e-9,true
4.8,4,96,2.162635756841611e-7,7.33442105688503e-10,4.3041072372851374e-9,0.0011936522419518111,0.8,1.0,0.011719789079238062,3.1599823995325433e-9,true
4.8,4,97,2.1529251424138285e-7,7.30080028372038e-10,4.2843773528922445e-9,0.0011934703097849155,0.8,0.9999999999999998,0.011719789026423127,3.1598152148331017e-9,true
4.8,4,98,2.1433451440150556e-7,7.267745420408215e-10,4.264979536205994e-9,0.0011932891397168541,0.8,0.9999999999999998,0.011719788973703654,3.15964898520028e-9,true
4.8,4,99,2.1338823746461138e-7,7.235168677048875e-10,4.245862272878066e-9,0.0011931087316168587,0.8,1.0000000000000007,0.01171978892109818,3.1594837032463277e-9,true
4.8,4,100,2.124525073716744e-7,7.203027868890526e-10,4.227000915957314e-9,0.0011929290848697281,0.8,0.9999999999999999,0.011719788868622218,3.1593193619932284e-9,true
4.8,4,101,2.115262920879762e-7,7.171277858568858e-10,4.208368820091124e-9,0.0011927501984547355,0.8,0.9999999999999997,0.011719788816289205,3.159155954585498e-9,true
4.8,4,102,2.1060875505190042e-7,7.139878552320814e-10,4.189942559573723e-9,0.0011925720710120732,0.8,1.0000000000000002,0.011719788764110308,3.158993474343152e-9,true
4.8,4,103,2.0969916700071786e-7,7.108794377632921e-10,4.171701262212318e-9,0.0011923947008717773,0.8,0.9999999999999996,0.011719788712094888,3.1588319147637604e-9,true
4.8,4,104,2.0879690546274986e-7,7.078000740869317e-10,4.153630328573878e-9,0.001192218086158775,0.8,1.0000000000000004,0.01171978866025076,3.158671269347181e-9,true
4.8,4,105,2.0790141887839936e-7,7.047479303567317e-10,4.135719267051125e-9,0.0011920422247409732,0.8,1.0000000000000002,0.011719788608584424,3.1585115320350898e-9,true
4.8,4,106,2.070122709409145e-7,7.017191218727898e-10,4.117945207049661e-9,0.0011918671143426253,0.8,0.9999999999999999,0.011719788557101433,3.1583526964063093e-9,true
4.8,4,107,2.061290302519051e-7,6.987135978234083e-10,4.10030759345761e-9,0.0011916927525557229,0.8,1.0,0.011719788505806256,3.1581947565745044e-9,true
4.8,4,108,2.0525140097445602e-7,6.957283832154285e-10,4.082789273329723e-9,0.0011915191367998998,0.8,1.0000000000000004,0.011719788454702677,3.1580377062683504e-9,true
4.8,4,109,2.043790632398836e-7,6.927643334246242e-10,4.065395131647189e-9,0.001191346264442604,0.8,1.0000000000000002,0.011719788403793603,3.157881539900288e-9,true
4.8,4,110,2.035117655526623e-7,6.89818140394262e-10,4.048105739507004e-9,0.0011911741327439028,0.8,0.9999999999999999,0.011719788353081583,3.1577262516478774e-9,true
4.8,4,111,2.026492792648637e-7,6.868892294187409e-10,4.030917877262397e-9,0.0011910027388852345,0.8,1.0,0.01171978830256874,3.15757183565572e-9,true
4.8,4,112,2.017914706722451e-7,6.839775403544494e-10,4.013831045313079e-9,0.0011908320800116784,0.8,1.0000000000000002,0.01171978825225625,3.1574182861661648e-9,true
4.8,4,113,2.0093812703578201e-7,6.810825208370887e-10,3.996841968501055e-9,0.0011906621531984653,0.8,1.0,0.011719788202145472,3.157265597659028e-9,true
4.8,4,114,2.000891110975241e-7,6.78202031201383e-10,3.979938212328449e-9,0.001190492955503211,0.8,1.0,0.011719788152237355,3.157113764627543e-9,true
4.8,4,115,1.9924433450991182e-7,6.753381741802444e-10,3.9631319892485806e-9,0.001190324483947453,0.8,1.0000000000000002,0.011719788102532441,3.156962781461305e-9,true
4.8,4,116,1.9840365155326364e-7,6.724867332360439e-10,3.9463987633325814e-9,0.0011901567355191668,0.8,1.0000000000000004,0.011719788053031047,3.156812642756868e-9,true
4.8,4,117,1.975669894502898e-7,6.69650742437956e-10,3.9297560761042405e-9,0.0011899897071914278,0.8,1.0,0.0117197880037336,3.156663343096547e-9,true
4.8,4,118,1.9673427813161634e-7,6.668277554317839e-10,3.913189772219994e-9,0.001189823395943301,0.8,1.0000000000000002,0.011719787954639816,3.156514877111256e-9,true
4.8,4,119,1.959054262037747e-7,6.640190046277177e-10,3.896706957107199e-9,0.001189657798718614,0.8,1.0,0.011719787905749752,3.156367239475413e-9,true
4.8,4,120,1.9508034971992972e-7,6.612232509329438e-10,3.880300469827347e-9,0.0011894929124638975,0.8,1.0000000000000004,0.011719787857063428,3.156220425010814e-9,true
4.8,4,121,1.942590764313724e-7,6.58440238826089e-10,3.8639687560682034e-9,0.0011893287341321647,0.8,1.0000000000000004,0.011719787808580028,3.156074428227409e-9,true
4.8,4,122,1.9344145537256755e-7,6.556696109647434e-10,3.847709706406047e-9,0.001189165260673549,0.8,1.0000000000000007,0.011719787760299607,3.15592924420473e-9,true
4.8,4,123,1.926274836625913e-7,6.529117097443846e-10,3.831525319242272e-9,0.0011890024890298609,0.8,1.0000000000000007,0.01171978771222159,3.155784867858014e-9,true
4.8,4,124,1.9181712728050403e-7,6.501665233814517e-10,3.815415539065725e-9,0.0011888404161609766,0.8,1.0,0.011719787664345355,3.1556412940663775e-9,true
4.8,4,125,1.9101036896010753e-7,6.474340467750048e-10,3.799380365876485e-9,0.001188679039005349,0.8,1.0,0.011719787616670304,3.155498517368437e-9,true
4.8,4,126,1.9020711256971903e-7,6.447127656188725e-10,3.783410862379204e-9,0.0011885183545437535,0.8,1.0,0.011719787569196057,3.1553565332302422e-9,true
4.8,4,127,1.8940739263048693e-7,6.420033073678828e-10,3.767510803331957e-9,0.0011883583597478375,0.8,1.0000000000000007,0.011719787521921701,3.1552153363190927e-9,true
4.8,4,128,1.8861114381238502e-7,6.393065391813942e-10,3.751685184738562e-9,0.0011881990515963151,0.8,0.9999999999999996,0.011719787474846808,3.155074921955904e-9,true
4.8,4,129,1.8781835308038804e-7,6.366209944015145e-10,3.735925402370581e-9,0.0011880404270751654,0.8,0.9999999999999997,0.011719787427970411,3.154935285050814e-9,true
4.8,4,130,1.8702897795187566e-7,6.339472280418752e-10,3.7202347313859356e-9,0.0011878824831877673,0.8,0.9999999999999998,0.011719787381291993,3.1547964208377756e-9,true
4.8,4,131,1.8624303636267185e-7,6.312849720857486e-10,3.7046116729833045e-9,0.0011877252169284211,0.8,0.9999999999999998,0.011719787334810657,3.1546583242514564e-9,true
4.8,4,132,1.85460443520438e-7,6.286348401087115e-10,3.6890597243655334e-9,0.0011875686253435865,0.8,0.9999999999999998,0.01171978728852584,3.154520990975074e-9,true
4.8,4,133,1.8468124579325432e-7,6.25994699483985e-10,3.6735663955235163e-9,0.001187412705440022,0.8,0.9999999999999989,0.011719787242436617,3.154384415564122e-9,true
4.8,4,134,1.8390538902114354e-7,6.233672399476687e-10,3.65814750713522e-9,0.001187257454286054,0.8,0.9999999999999993,0.011719787196542191,3.1542485936950994e-9,true
4.8,4,135,1.8313284781484715e-7,6.207507038116801e-10,3.6427927341264876e-9,0.0011871028689220263,0.8,0.9999999999999999,0.011719787150841971,3.1541135207151327e-9,true
4.8,4,136,1.823636132013282e-7,6.181453777170554e-10,3.627503686320948e-9,0.001186948946430397,0.8,0.9999999999999998,0.011719787105335024,3.1539791918748576e-9,true
4.8,4,137,1.8159766757638646e-7,6.155503169622898e-10,3.6122749236256186e-9,0.0011867956838665465,0.8,0.9999999999999997,0.011719787060020595,3.1538456024056506e-9,true
4.8,4,138,1.8083499536672294e-7,6.129679726466358e-10,3.5971207679175166e-9,0.0011866430783480297,0.8,0.9999999999999989,0.011719787014897943,3.1537127479053834e-9,true
4.8,4,139,1.800755982614475e-7,6.103953405947833e-10,3.5820236776729075e-9,0.001186491126962052,0.8,0.9999999999999999,0.011719786969966044,3.153580623561545e-9,true
4.8,4,140,1.793194148235521e-7,6.078341677789312e-10,3.5669937559212883e-9,0.0011863398268320785,0.8,1.0000000000000002,0.011719786925224442,3.1534492250650047e-9,true
4.8,4,141,1.7856648092848857e-7,6.052842368358668e-10,3.5520297259061806e-9,0.0011861891750895534,0.8,0.9999999999999998,0.011719786880672052,3.1533185476086734e-9,true
4.8,4,142,1.77816727185088e-7,6.027442787789212e-10,3.5371244266890756e-9,0.0011860391688934227,0.8,0.9999999999999997,0.011719786836308243,3.1531885871535876e-9,true
4.8,4,143,1.77070190145806e-7,6.002158232170814e-10,3.5222865180095934e-9,0.001185889805367853,0.8,0.9999999999999998,0.011719786792132173,3.153059338949398e-9,true
4.8,4,144,1.763268315595046e-7,5.976982541231984e-10,3.5075125026651503e-9,0.0011857410817031028,0.8,1.0,0.011719786748143012,3.152930798593881e-9,true
4.8,4,145,1.7558662028312626e-7,5.951906960735952e-10,3.4927971626075305e-9,0.0011855929950743097,0.8,1.0,0.011719786704340051,3.152802961819861e-9,true
4.8,4,146,1.748495662986877e-7,5.926943134264444e-10,3.4781474922418454e-9,0.0011854455426832363,0.8,1.0000000000000004,0.011719786660722419,3.1526758242973992e-9,true
4.8,4,147,1.741156619873809e-7,5.902085330578025e-10,3.463560049876719e-9,0.0011852987217293935,0.8,0.9999999999999998,0.011719786617289299,3.1525493814980902e-9,true
4.8,4,148,1.7338485725148874e-7,5.877333734338625e-10,3.4490348910232457e-9,0.0011851525294262464,0.8,0.9999999999999993,0.011719786574039992,3.1524236293534847e-9,true
4.8,4,149,1.7265719101293423e-7,5.85268163484807e-10,3.4345681854119903e-9,0.0011850069630132123,0.8,0.9999999999999991,0.011719786530973553,3.152298563218655e-9,true
4.8,4,150,1.719325896498705e-7,5.828145008716414e-10,3.420169092382992e-9,0.0011848620197381767,0.8,0.9999999999999997,0.011719786488089357,3.1521741794160067e-9,true
4.8,4,151,1.7121106483683158e-7,5.803698645055309e-10,3.405823123525664e-9,0.0011847176968473915,0.8,1.0000000000000009,0.011719786445386689,3.1520504734256712e-9,true
4.8,4,152,1.7049263467943182e-7,5.779364700122102e-10,3.3915430464049058e-9,0.001184573991624867,0.8,0.9999999999999996,0.011719786402864507,3.151927440963872e-9,true
4.8,4,153,1.6977722217115893e-7,5.755130550876311e-10,3.377321589059819e-9,0.0011844309013435928,0.8,0.9999999999999998,0.01171978636052235,3.1518050782633067e-9,true
4.8,4,154,1.690648650493723e-7,5.731011060816857e-10,3.363167411230024e-9,0.0011842884232999716,0.8,0.9999999999999996,0.011719786318359193,3.1516833809050417e-9,true
4.8,4,155,1.6835552861729245e-7,5.706973995182508e-10,3.349061528101771e-9,0.0011841465548145095,0.8,1.0,0.01171978627637445,3.1515623449639244e-9,true
4.8,4,156,1.676492157491483e-7,5.683051423448395e-10,3.3350228689776884e-9,0.0011840052931768794,0.8,0.9999999999999998,0.01171978623456712,3.1514419661169445e-9,true
4.8,4,157,1.6694588480944165e-7,5.659222967171704e-10,3.321039498960232e-9,0.0011838646357510063,0.8,0.9999999999999999,0.011719786192936775,3.1513222406953784e-9,true
4.8,4,158,1.6624556135041834e-7,5.635506249102789e-10,3.30712168761238e-9,0.0011837245798515862,0.8,0.9999999999999991,0.011719786151482272,3.151203164323821e-9,true
4.8,4,159,1.6554820762912094e-7,5.611880655127431e-10,3.293257277992042e-9,0.0011835851228617685,0.8,0.9999999999999993,0.01171978611020301,3.1510847332679383e-9,true
4.8,4,160,1.6485377981004187e-7,5.588360639088374e-10,3.279454818816539e-9,0.0011834462621284224,0.8,0.9999999999999998,0.011719786069098485,3.150966943609609e-9,true
4.8,4,161,1.6416235117075418e-7,5.564937875780767e-10,3.2657095361266233e-9,0.00118330799504605,0.8,0.9999999999999998,0.011719786028167428,3.1508497912095745e-9,true
4.8,4,162,1.6347381136506315e-7,5.54160870043881e-10,3.2520190984542143e-9,0.0011831703189975349,0.8,1.0000000000000004,0.011719785987409671,3.1507332723356593e-9,true
4.8,4,163,1.627882125157686e-7,5.518394578122345e-10,3.2383962733640964e-9,0.001183033231411608,0.8,1.0,0.011719785946824083,3.1506173831712785e-9,true
4.8,4,164,1.6210552991141007e-7,5.495259097629609e-10,3.224819467018167e-9,0.0011828967296569329,0.8,0.9999999999999993,0.011719785906409957,3.150502119630922e-9,true
4.8,4,165,1.614257332556889e-7,5.472235784376609e-10,3.211308496897658e-9,0.0011827608112091157,0.8,0.9999999999999996,0.01171978586616671,3.1503874781440204e-9,true
4.8,4,166,1.607488071453217e-7,5.449303299837733e-10,3.197850928504664e-9,0.0011826254734933167,0.8,1.0000000000000009,0.01171978582609352,3.1502734549960034e-9,true
4.8,4,167,1.600747762865406e-7,5.426473531964781e-10,3.1844536452219385e-9,0.001182490713944053,0.8,0.9999999999999997,0.011719785786189584,3.1501600460667444e-9,true
4.8,4,168,1.5940359616709626e-7,5.403737733639108e-10,3.171111373490052e-9,0.001182356530044897,0.8,0.9999999999999994,0.011719785746454327,3.150047247729301e-9,true
4.8,4,169,1.5873523750623484e-7,5.381092693642078e-10,3.157822392463348e-9,0.0011822229192682495,0.8,0.9999999999999991,0.01171978570688698,3.14993505661439e-9,true
4.8,4,170,1.5806974531884145e-7,5.358547598801835e-10,3.144592142234646e-9,0.001182089879095411,0.8,1.0000000000000004,0.011719785667486732,3.149823468634973e-9,true
4.8,4,171,1.574070502147211e-7,5.336093151572844e-10,3.1314150716887923e-9,0.0011819574070268807,0.8,1.0000000000000009,0.011719785628252998,3.149712480366747e-9,true
4.8,4,172,1.5674719162393257e-7,5.313748147524657e-10,3.1183021720338248e-9,0.0011818255005657786,0.8,1.0,0.011719785589184852,3.1496020878512693e-9,true
4.8,4,173,1.5609011149530098e-7,5.291487312501909e-10,3.1052387328145733e-9,0.0011816941572558456,0.8,1.0,0.011719785550281775,3.149492287877525e-9,true
4.8,4,174,1.5543582590403913e-7,5.269317503112901e-10,3.0922286398116228e-9,0.001181563374595872,0.8,0.9999999999999998,0.011719785511542924,3.1493830766619038e-9,true
4.8,4,175,1.5478428627637782e-7,5.247250646061229e-10,3.079278998452395e-9,0.0011814331501628487,0.8,0.9999999999999996,0.01171978547296779,3.1492744507445134e-9,true
4.8,4,176,1.541355408428232e-7,5.225271760012288e-10,3.066380982463812e-9,0.0011813034814783057,0.8,1.0,0.011719785434555442,3.1491664062794067e-9,true
4.8,4,177,1.5348954390669434e-7,5.20338637572694e-10,3.053537867003797e-9,0.001181174366145603,0.8,1.0000000000000002,0.011719785396305221,3.14905894004029e-9,true
4.8,4,178,1.5284623927858827e-7,5.181592017075261e-10,3.0407480977601153e-9,0.001181045801714327,0.8,1.0000000000000004,0.01171978535821669,3.14895204877574e-9,true
4.8,4,179,1.5220569972858812e-7,5.159894383663303e-10,3.0280151719352943e-9,0.0011809177857836964,0.8,1.0,0.011719785320288827,3.1488457285284144e-9,true
4.8,4,180,1.5156785688218294e-7,5.138284670244585e-10,3.015333760458816e-9,0.0011807903159509953,0.8,1.0000000000000004,0.011719785282521166,3.148739976155129e-9,true
4.8,4,181,1.5093274272309054e-7,5.116765651887544e-10,3.0027055841763683e-9,0.0011806633898205651,0.8,1.0,0.011719785244912736,3.1486347877615704e-9,true
4.8,4,182,1.5030028583057496e-7,5.095337544887639e-10,2.9901308651325564e-9,0.0011805370050305694,0.8,0.9999999999999994,0.011719785207463205,3.1485301605927903e-9,true
4.8,4,183,1.4967052360400922e-7,5.074012339215587e-10,2.9776163756878304e-9,0.0011804111591919638,0.8,0.9999999999999994,0.011719785170171674,3.1484260909141754e-9,true
4.8,4,184,1.490434188087969e-7,5.052756702816002e-10,2.965142853472713e-9,0.0011802858499716093,0.8,1.0,0.01171978513303756,3.148322575591646e-9,true
4.8,4,185,1.4841898041234703e-7,5.031600763644242e-10,2.9527277289888247e-9,0.0011801610750030022,0.8,0.9999999999999996,0.011719785096060104,3.1482196110372297e-9,true
4.8,4,186,1.477971781188669e-7,5.010539070022907e-10,2.940368004633732e-9,0.0011800368319569497,0.8,1.0000000000000002,0.011719785059238614,3.148117194119651e-9,true
4.8,4,187,1.4717799838715516e-7,4.989561898934332e-10,2.9280577962254364e-9,0.0011799131185210186,0.8,0.9999999999999998,0.01171978502257259,3.1480153215582018e-9,true
4.8,4,188,1.4656145661571068e-7,4.968669554456068e-10,2.9157973813198962e-9,0.0011797899323562717,0.8,0.9999999999999993,0.011719784986061174,3.1479139899683743e-9,true
4.8,4,189,1.459475162470069e-7,4.94787694239826e-10,2.9035955306788708e-9,0.0011796672711811408,0.8,0.9999999999999998,0.011719784949703865,3.1478131962093322e-9,true
4.8,4,190,1.4533618540234542e-7,4.927163350186657e-10,2.8914400318491573e-9,0.0011795451326906791,0.8,1.0000000000000004,0.011719784913499807,3.14771293698663e-9,true
4.8,4,191,1.4472741313902694e-7,4.906531234575249e-10,2.8793323281206883e-9,0.0011794235146154184,0.8,1.0,0.011719784877448658,3.147613209364975e-9,true
4.8,4,192,1.4412123550264293e-7,4.88599894628481e-10,2.867283244167885e-9,0.001179302414665043,0.8,1.0000000000000004,0.011719784841549424,3.147514009846827e-9,true
4.8,4,193,1.4351763759819437e-7,4.865548554927975e-10,2.8552822328720487e-9,0.0011791818305896123,0.8,0.9999999999999993,0.011719784805801558,3.1474153353087963e-9,true
4.8,4,194,2.8703531412112094e-8,4.845179837090704e-10,2.8433291276996897e-9,0.0011791809885038848,0.8,0.9999999999999993,0.011719784805801499,3.1473464676113585e-9,true
