U,bath_sites,matsubara_index,omega,green_real,green_imag,sigma_real,sigma_imag
0.0,2,0,0.09817477042468103,0.0,-1.3194423448599568,0.0,0.0
0.0,2,1,0.2945243112740431,0.0,-1.1500325653948713,0.0,0.0
0.0,2,2,0.4908738521234052,0.0,-1.0061088260323812,0.0,0.0
0.0,2,3,0.6872233929727672,0.0,-0.8851238943174808,0.0,0.0
0.0,2,4,0.8835729338221293,0.0,-0.7839705077058702,0.0,0.0
0.0,2,5,1.0799224746714913,0.0,-0.6994685872653157,0.0,0.0
0.0,2,6,1.2762720155208536,0.0,-0.6286873692434678,0.0,0.0
0.0,2,7,1.4726215563702154,0.0,-0.5690968983355835,0.0,0.0
0.0,2,8,1.6689710972195777,0.0,-0.5185993641265982,0.0,0.0
0.0,2,9,1.8653206380689396,0.0,-0.47549569022465715,0.0,0.0
0.0,2,10,2.061670178918302,0.0,-0.43842660453649523,0.0,0.0
0.0,2,11,2.2580197197676637,0.0,-0.4063100373869642,0.0,0.0
0.0,2,12,2.454369260617026,0.0,-0.3782847012113098,0.0,0.0
0.0,2,13,2.650718801466388,0.0,-0.35366302587304066,0.0,0.0
0.0,2,14,2.84706834231575,0.0,-0.3318934608232171,0.0,0.0
0.0,2,15,3.043417883165112,0.0,-0.31253092627301937,0.0,0.0
0.0,2,16,3.2397674240144743,0.0,-0.2952139000812249,0.0,0.0
0.0,2,17,3.436116964863836,0.0,-0.27964672463864104,0.0,0.0
0.0,2,18,3.6324665057131984,0.0,-0.26558594584876766,0.0,0.0
0.0,2,19,3.8288160465625602,0.0,-0.2528297389527573,0.0,0.0
0.0,2,20,4.025165587411922,0.0,-0.2412096898093825,0.0,0.0
0.0,2,21,4.221515128261284,0.0,-0.23058437401164755,0.0,0.0
0.0,2,22,4.417864669110647,0.0,-0.2208343117002578,0.0,0.0
0.0,2,23,4.614214209960009,0.0,-0.21185797924280794,0.0,0.0
0.0,2,24,4.81056375080937,0.0,-0.20356863681275125,0.0,0.0
0.0,2,25,5.006913291658733,0.0,-0.19589178927490591,0.0,0.0
0.0,2,26,5.203262832508095,0.0,-0.18876314147980522,0.0,0.0
0.0,2,27,5.399612373357457,0.0,-0.18212694181258682,0.0,0.0
0.0,2,28,5.595961914206819,0.0,-0.17593463244517776,0.0,0.0
0.0,2,29,5.792311455056181,0.0,-0.17014374329751838,0.0,0.0
0.0,2,30,5.988660995905543,0.0,-0.1647169807736379,0.0,0.0
0.0,2,31,6.1850105367549055,0.0,-0.15962147304433927,0.0,0.0
0.0,2,32,6.381360077604267,0.0,-0.1548281418430231,0.0,0.0
0.0,2,33,6.577709618453629,0.0,-0.1503111770476294,0.0,0.0
0.0,2,34,6.7740591593029915,0.0,-0.14604759520136024,0.0,0.0
0.0,2,35,6.970408700152354,0.0,-0.14201686692106386,0.0,0.0
0.0,2,36,7.166758241001715,0.0,-0.1382006011113599,0.0,0.0
0.0,2,37,7.3631077818510775,0.0,-0.13458227623720642,0.0,0.0
0.0,2,38,7.55945732270044,0.0,-0.13114701075277077,0.0,0.0
0.0,2,39,7.755806863549802,0.0,-0.1278813662501447,0.0,0.0
0.0,2,40,7.9521564043991635,0.0,-0.12477317806140367,0.0,0.0
0.0,2,41,8.148505945248527,0.0,-0.12181140898586723,0.0,0.0
0.0,2,42,8.344855486097888,0.0,-0.11898602257050261,0.0,0.0
0.0,2,43,8.54120502694725,0.0,-0.1162878729833629,0.0,0.0
0.0,2,44,8.737554567796613,0.0,-0.11370860901738662,0.0,0.0
0.0,2,45,8.933904108645974,0.0,-0.11124059016793802,0.0,0.0
0.0,2,46,9.130253649495335,0.0,-0.10887681306026653,0.0,0.0
0.0,2,47,9.326603190344699,0.0,-0.1066108467768969,0.0,0.0
0.0,2,48,9.52295273119406,0.0,-0.10443677586113169,0.0,0.0
0.0,2,49,9.719302272043423,0.0,-0.10234914996033513,0.0,0.0
0.0,2,50,9.915651812892785,0.0,-0.1003429392286424,0.0,0.0
0.0,2,51,10.112001353742146,0.0,-0.09841349473893779,0.0,0.0
0.0,2,52,10.30835089459151,0.0,-0.09655651326299645,0.0,0.0
0.0,2,53,10.50470043544087,0.0,-0.09476800587030755,0.0,0.0
0.0,2,54,10.701049976290232,0.0,-0.09304426987332347,0.0,0.0
0.0,2,55,10.897399517139595,0.0,-0.09138186371216342,0.0,0.0
0.0,2,56,11.093749057988957,0.0,-0.08977758442714943,0.0,0.0
0.0,2,57,11.29009859883832,0.0,-0.08822844741461307,0.0,0.0
0.0,2,58,11.486448139687681,0.0,-0.08673166820153143,0.0,0.0
0.0,2,59,11.682797680537043,0.0,-0.08528464600884636,0.0,0.0
0.0,2,60,11.879147221386406,0.0,-0.08388494890271225,0.0,0.0
0.0,2,61,12.075496762235767,0.0,-0.08253030035816736,0.0,0.0
0.0,2,62,12.271846303085129,0.0,-0.08121856708147057,0.0,0.0
0.0,2,63,12.468195843934492,0.0,-0.07994774795611638,0.0,0.0
0.0,2,64,12.664545384783853,0.0,-0.07871596399378208,0.0,0.0
0.0,2,65,12.860894925633216,0.0,-0.07752144918554327,0.0,0.0
0.0,2,66,13.057244466482578,0.0,-0.07636254216093108,0.0,0.0
0.0,2,67,13.25359400733194,0.0,-0.07523767857305955,0.0,0.0
0.0,2,68,13.449943548181302,0.0,-0.07414538413734907,0.0,0.0
0.0,2,69,13.646293089030664,0.0,-0.07308426825950065,0.0,0.0
0.0,2,70,13.842642629880025,0.0,-0.07205301819549353,0.0,0.0
0.0,2,71,14.038992170729388,0.0,-0.07105039369262914,0.0,0.0
0.0,2,72,14.23534171157875,0.0,-0.07007522206613472,0.0,0.0
0.0,2,73,14.431691252428113,0.0,-0.0691263936706792,0.0,0.0
0.0,2,74,14.628040793277474,0.0,-0.06820285773042126,0.0,0.0
0.0,2,75,14.824390334126836,0.0,-0.06730361849497996,0.0,0.0
0.0,2,76,15.020739874976199,0.0,-0.06642773169205854,0.0,0.0
0.0,2,77,15.21708941582556,0.0,-0.0655743012504093,0.0,0.0
0.0,2,78,15.413438956674922,0.0,-0.06474247626945695,0.0,0.0
0.0,2,79,15.609788497524285,0.0,-0.06393144821423374,0.0,0.0
0.0,2,80,15.806138038373646,0.0,-0.06314044831636136,0.0,0.0
0.0,2,81,16.002487579223008,0.0,-0.06236874516367004,0.0,0.0
0.0,2,82,16.19883712007237,0.0,-0.06161564246270384,0.0,0.0
0.0,2,83,16.395186660921734,0.0,-0.060880476959843007,0.0,0.0
0.0,2,84,16.591536201771095,0.0,-0.060162616508102236,0.0,0.0
0.0,2,85,16.787885742620457,0.0,-0.05946145826785416,0.0,0.0
0.0,2,86,16.98423528346982,0.0,-0.05877642703079671,0.0,0.0
0.0,2,87,17.18058482431918,0.0,-0.05810697365744342,0.0,0.0
0.0,2,88,17.376934365168545,0.0,-0.05745257361928105,0.0,0.0
0.0,2,89,17.573283906017906,0.0,-0.056812725637518685,0.0,0.0
0.0,2,90,17.769633446867267,0.0,-0.05618695041105485,0.0,0.0
0.0,2,91,17.96598298771663,0.0,-0.05557478942692543,0.0,0.0
0.0,2,92,18.16233252856599,0.0,-0.05497580384706898,0.0,0.0
0.0,2,93,18.358682069415355,0.0,-0.05438957346576593,0.0,0.0
0.0,2,94,18.555031610264717,0.0,-0.05381569573257996,0.0,0.0
0.0,2,95,18.751381151114078,0.0,-0.05325378483605667,0.0,0.0
0.0,2,96,18.94773069196344,0.0,-0.0527034708438231,0.0,0.0
0.0,2,97,19.1440802328128,0.0,-0.052164398895084924,0.0,0.0
0.0,2,98,19.340429773662162,0.0,-0.05163622844183834,0.0,0.0
0.0,2,99,19.536779314511527,0.0,-0.05111863253540699,0.0,0.0
0.0,2,100,19.73312885536089,0.0,-0.0506112971551804,0.0,0.0
0.0,2,101,19.92947839621025,0.0,-0.050113920576673826,0.0,0.0
0.0,2,102,20.12582793705961,0.0,-0.04962621277625131,0.0,0.0
0.0,2,103,20.322177477908973,0.0,-0.04914789487005752,0.0,0.0
0.0,2,104,20.518527018758338,0.0,-0.04867869858488912,0.0,0.0
0.0,2,105,20.7148765596077,0.0,-0.04821836575890685,0.0,0.0
0.0,2,106,20.91122610045706,0.0,-0.04776664787024553,0.0,0.0
0.0,2,107,21.107575641306422,0.0,-0.04732330559172223,0.0,0.0
0.0,2,108,21.303925182155783,0.0,-0.0468881083699742,0.0,0.0
0.0,2,109,21.50027472300515,0.0,-0.046460834027478595,0.0,0.0
0.0,2,110,21.69662426385451,0.0,-0.04604126838601743,0.0,0.0
0.0,2,111,21.89297380470387,0.0,-0.04562920491025277,0.0,0.0
0.0,2,112,22.089323345553233,0.0,-0.045224444370171576,0.0,0.0
0.0,2,113,22.285672886402594,0.0,-0.04482679452124612,0.0,0.0
0.0,2,114,22.482022427251955,0.0,-0.0444360698012355,0.0,0.0
0.0,2,115,22.67837196810132,0.0,-0.044052091042628166,0.0,0.0
0.0,2,116,22.87472150895068,0.0,-0.04367468519979276,0.0,0.0
0.0,2,117,23.071071049800043,0.0,-0.04330368508996782,0.0,0.0
0.0,2,118,23.267420590649404,0.0,-0.04293892914727931,0.0,0.0
0.0,2,119,23.463770131498766,0.0,-0.042580261189028246,0.0,0.0
0.0,2,120,23.66011967234813,0.0,-0.04222753019354111,0.0,0.0
0.0,2,121,23.856469213197492,0.0,-0.04188059008892159,0.0,0.0
0.0,2,122,24.052818754046854,0.0,-0.04153929955208504,0.0,0.0
0.0,2,123,24.249168294896215,0.0,-0.041203521817497195,0.0,0.0
0.0,2,124,24.445517835745576,0.0,-0.040873124495074985,0.0,0.0
0.0,2,125,24.64186737659494,0.0,-0.040547979396742005,0.0,0.0
0.0,2,126,24.838216917444303,0.0,-0.04022796237116294,0.0,0.0
0.0,2,127,25.034566458293664,0.0,-0.03991295314621075,0.0,0.0
0.0,4,0,0.09817477042468103,0.0,-1.3194423448599568,0.0,0.0
0.0,4,1,0.2945243112740431,0.0,-1.1500325653948713,0.0,0.0
0.0,4,2,0.4908738521234052,0.0,-1.0061088260323812,0.0,0.0
0.0,4,3,0.6872233929727672,0.0,-0.8851238943174808,0.0,0.0
0.0,4,4,0.8835729338221293,0.0,-0.7839705077058702,0.0,0.0
0.0,4,5,1.0799224746714913,0.0,-0.6994685872653157,0.0,0.0
0.0,4,6,1.2762720155208536,0.0,-0.6286873692434678,0.0,0.0
0.0,4,7,1.4726215563702154,0.0,-0.5690968983355835,0.0,0.0
0.0,4,8,1.6689710972195777,0.0,-0.5185993641265982,0.0,0.0
0.0,4,9,1.8653206380689396,0.0,-0.47549569022465715,0.0,0.0
0.0,4,10,2.061670178918302,0.0,-0.43842660453649523,0.0,0.0
0.0,4,11,2.2580197197676637,0.0,-0.4063100373869642,0.0,0.0
0.0,4,12,2.454369260617026,0.0,-0.3782847012113098,0.0,0.0
0.0,4,13,2.650718801466388,0.0,-0.35366302587304066,0.0,0.0
0.0,4,14,2.84706834231575,0.0,-0.3318934608232171,0.0,0.0
0.0,4,15,3.043417883165112,0.0,-0.31253092627301937,0.0,0.0
0.0,4,16,3.2397674240144743,0.0,-0.2952139000812249,0.0,0.0
0.0,4,17,3.436116964863836,0.0,-0.27964672463864104,0.0,0.0
0.0,4,18,3.6324665057131984,0.0,-0.26558594584876766,0.0,0.0
0.0,4,19,3.8288160465625602,0.0,-0.2528297389527573,0.0,0.0
0.0,4,20,4.025165587411922,0.0,-0.2412096898093825,0.0,0.0
0.0,4,21,4.221515128261284,0.0,-0.23058437401164755,0.0,0.0
0.0,4,22,4.417864669110647,0.0,-0.2208343117002578,0.0,0.0
0.0,4,23,4.614214209960009,0.0,-0.21185797924280794,0.0,0.0
0.0,4,24,4.81056375080937,0.0,-0.20356863681275125,0.0,0.0
0.0,4,25,5.006913291658733,0.0,-0.19589178927490591,0.0,0.0
0.0,4,26,5.203262832508095,0.0,-0.18876314147980522,0.0,0.0
0.0,4,27,5.399612373357457,0.0,-0.18212694181258682,0.0,0.0
0.0,4,28,5.595961914206819,0.0,-0.17593463244517776,0.0,0.0
0.0,4,29,5.792311455056181,0.0,-0.17014374329751838,0.0,0.0
0.0,4,30,5.988660995905543,0.0,-0.1647169807736379,0.0,0.0
0.0,4,31,6.1850105367549055,0.0,-0.15962147304433927,0.0,0.0
0.0,4,32,6.381360077604267,0.0,-0.1548281418430231,0.0,0.0
0.0,4,33,6.577709618453629,0.0,-0.1503111770476294,0.0,0.0
0.0,4,34,6.7740591593029915,0.0,-0.14604759520136024,0.0,0.0
0.0,4,35,6.970408700152354,0.0,-0.14201686692106386,0.0,0.0
0.0,4,36,7.166758241001715,0.0,-0.1382006011113599,0.0,0.0
0.0,4,37,7.3631077818510775,0.0,-0.13458227623720642,0.0,0.0
0.0,4,38,7.55945732270044,0.0,-0.13114701075277077,0.0,0.0
0.0,4,39,7.755806863549802,0.0,-0.1278813662501447,0.0,0.0
0.0,4,40,7.9521564043991635,0.0,-0.12477317806140367,0.0,0.0
0.0,4,41,8.148505945248527,0.0,-0.12181140898586723,0.0,0.0
0.0,4,42,8.344855486097888,0.0,-0.11898602257050261,0.0,0.0
0.0,4,43,8.54120502694725,0.0,-0.1162878729833629,0.0,0.0
0.0,4,44,8.737554567796613,0.0,-0.11370860901738662,0.0,0.0
0.0,4,45,8.933904108645974,0.0,-0.11124059016793802,0.0,0.0
0.0,4,46,9.130253649495335,0.0,-0.10887681306026653,0.0,0.0
0.0,4,47,9.326603190344699,0.0,-0.1066108467768969,0.0,0.0
0.0,4,48,9.52295273119406,0.0,-0.10443677586113169,0.0,0.0
0.0,4,49,9.719302272043423,0.0,-0.10234914996033513,0.0,0.0
0.0,4,50,9.915651812892785,0.0,-0.1003429392286424,0.0,0.0
0.0,4,51,10.112001353742146,0.0,-0.09841349473893779,0.0,0.0
0.0,4,52,10.30835089459151,0.0,-0.09655651326299645,0.0,0.0
0.0,4,53,10.50470043544087,0.0,-0.09476800587030755,0.0,0.0
0.0,4,54,10.701049976290232,0.0,-0.09304426987332347,0.0,0.0
0.0,4,55,10.897399517139595,0.0,-0.09138186371216342,0.0,0.0
0.0,4,56,11.093749057988957,0.0,-0.08977758442714943,0.0,0.0
0.0,4,57,11.29009859883832,0.0,-0.08822844741461307,0.0,0.0
0.0,4,58,11.486448139687681,0.0,-0.08673166820153143,0.0,0.0
0.0,4,59,11.682797680537043,0.0,-0.08528464600884636,0.0,0.0
0.0,4,60,11.879147221386406,0.0,-0.08388494890271225,0.0,0.0
0.0,4,61,12.075496762235767,0.0,-0.08253030035816736,0.0,0.0
0.0,4,62,12.271846303085129,0.0,-0.08121856708147057,0.0,0.0
0.0,4,63,12.468195843934492,0.0,-0.07994774795611638,0.0,0.0
0.0,4,64,12.664545384783853,0.0,-0.07871596399378208,0.0,0.0
0.0,4,65,12.860894925633216,0.0,-0.07752144918554327,0.0,0.0
0.0,4,66,13.057244466482578,0.0,-0.07636254216093108,0.0,0.0
0.0,4,67,13.25359400733194,0.0,-0.07523767857305955,0.0,0.0
0.0,4,68,13.449943548181302,0.0,-0.07414538413734907,0.0,0.0
0.0,4,69,13.646293089030664,0.0,-0.07308426825950065,0.0,0.0
0.0,4,70,13.842642629880025,0.0,-0.07205301819549353,0.0,0.0
0.0,4,71,14.038992170729388,0.0,-0.07105039369262914,0.0,0.0
0.0,4,72,14.23534171157875,0.0,-0.07007522206613472,0.0,0.0
0.0,4,73,14.431691252428113,0.0,-0.0691263936706792,0.0,0.0
0.0,4,74,14.628040793277474,0.0,-0.06820285773042126,0.0,0.0
0.0,4,75,14.824390334126836,0.0,-0.06730361849497996,0.0,0.0
0.0,4,76,15.020739874976199,0.0,-0.06642773169205854,0.0,0.0
0.0,4,77,15.21708941582556,0.0,-0.0655743012504093,0.0,0.0
0.0,4,78,15.413438956674922,0.0,-0.06474247626945695,0.0,0.0
0.0,4,79,15.609788497524285,0.0,-0.06393144821423374,0.0,0.0
0.0,4,80,15.806138038373646,0.0,-0.06314044831636136,0.0,0.0
0.0,4,81,16.002487579223008,0.0,-0.06236874516367004,0.0,0.0
0.0,4,82,16.19883712007237,0.0,-0.06161564246270384,0.0,0.0
0.0,4,83,16.395186660921734,0.0,-0.060880476959843007,0.0,0.0
0.0,4,84,16.591536201771095,0.0,-0.060162616508102236,0.0,0.0
0.0,4,85,16.787885742620457,0.0,-0.05946145826785416,0.0,0.0
0.0,4,86,16.98423528346982,0.0,-0.05877642703079671,0.0,0.0
0.0,4,87,17.18058482431918,0.0,-0.05810697365744342,0.0,0.0
0.0,4,88,17.376934365168545,0.0,-0.05745257361928105,0.0,0.0
0.0,4,89,17.573283906017906,0.0,-0.056812725637518685,0.0,0.0
0.0,4,90,17.769633446867267,0.0,-0.05618695041105485,0.0,0.0
0.0,4,91,17.96598298771663,0.0,-0.05557478942692543,0.0,0.0
0.0,4,92,18.16233252856599,0.0,-0.05497580384706898,0.0,0.0
0.0,4,93,18.358682069415355,0.0,-0.05438957346576593,0.0,0.0
0.0,4,94,18.555031610264717,0.0,-0.05381569573257996,0.0,0.0
0.0,4,95,18.751381151114078,0.0,-0.05325378483605667,0.0,0.0
0.0,4,96,18.94773069196344,0.0,-0.0527034708438231,0.0,0.0
0.0,4,97,19.1440802328128,0.0,-0.052164398895084924,0.0,0.0
0.0,4,98,19.340429773662162,0.0,-0.05163622844183834,0.0,0.0
0.0,4,99,19.536779314511527,0.0,-0.05111863253540699,0.0,0.0
0.0,4,100,19.73312885536089,0.0,-0.0506112971551804,0.0,0.0
0.0,4,101,19.92947839621025,0.0,-0.050113920576673826,0.0,0.0
0.0,4,102,20.12582793705961,0.0,-0.04962621277625131,0.0,0.0
0.0,4,103,20.322177477908973,0.0,-0.04914789487005752,0.0,0.0
0.0,4,104,20.518527018758338,0.0,-0.04867869858488912,0.0,0.0
0.0,4,105,20.7148765596077,0.0,-0.04821836575890685,0.0,0.0
0.0,4,106,20.91122610045706,0.0,-0.04776664787024553,0.0,0.0
0.0,4,107,21.107575641306422,0.0,-0.04732330559172223,0.0,0.0
0.0,4,108,21.303925182155783,0.0,-0.0468881083699742,0.0,0.0
0.0,4,109,21.50027472300515,0.0,-0.046460834027478595,0.0,0.0
0.0,4,110,21.69662426385451,0.0,-0.04604126838601743,0.0,0.0
0.0,4,111,21.89297380470387,0.0,-0.04562920491025277,0.0,0.0
0.0,4,112,22.089323345553233,0.0,-0.045224444370171576,0.0,0.0
0.0,4,113,22.285672886402594,0.0,-0.04482679452124612,0.0,0.0
0.0,4,114,22.482022427251955,0.0,-0.0444360698012355,0.0,0.0
0.0,4,115,22.67837196810132,0.0,-0.044052091042628166,0.0,0.0
0.0,4,116,22.87472150895068,0.0,-0.04367468519979276,0.0,0.0
0.0,4,117,23.071071049800043,0.0,-0.04330368508996782,0.0,0.0
0.0,4,118,23.267420590649404,0.0,-0.04293892914727931,0.0,0.0
0.0,4,119,23.463770131498766,0.0,-0.042580261189028246,0.0,0.0
0.0,4,120,23.66011967234813,0.0,-0.04222753019354111,0.0,0.0
0.0,4,121,23.856469213197492,0.0,-0.04188059008892159,0.0,0.0
0.0,4,122,24.052818754046854,0.0,-0.04153929955208504,0.0,0.0
0.0,4,123,24.249168294896215,0.0,-0.041203521817497195,0.0,0.0
0.0,4,124,24.445517835745576,0.0,-0.040873124495074985,0.0,0.0
0.0,4,125,24.64186737659494,0.0,-0.040547979396742005,0.0,0.0
0.0,4,126,24.838216917444303,0.0,-0.04022796237116294,0.0,0.0
0.0,4,127,25.034566458293664,0.0,-0.03991295314621075,0.0,0.0
2.0,2,0,0.09817477042468103,7.070435147049268e-10,-1.2368531429382745,0.9999999991842996,-0.09190208125664145
2.0,2,1,0.2945243112740431,5.466974277470535e-10,-1.0040014800113697,0.9999999991843029,-0.19948941673547413
2.0,2,2,0.4908738521234052,4.2416726289836806e-10,-0.838280193233608,0.9999999991843032,-0.28290461008028367
2.0,2,3,0.6872233929727672,3.369153493620342e-10,-0.7214860334268182,0.9999999991843029,-0.3380618066194582
2.0,2,4,0.8835729338221293,2.7460661497554054e-10,-0.6362305291866577,0.9999999991843027,-0.3700691350126889
2.0,2,5,1.0799224746714913,2.2890775066074827e-10,-0.5713416067182823,0.9999999991843027,-0.3846730919330045
2.0,2,6,1.2762720155208536,1.9423918840797601e-10,-0.5199139791165596,0.9999999991843025,-0.3871660952011187
2.0,2,7,1.4726215563702154,1.6709031996908076e-10,-0.47772171307948064,0.9999999991843027,-0.3817864769502494
2.0,2,8,1.6689710972195777,1.4526735512573482e-10,-0.44215141392906687,0.9999999991843027,-0.3716218651835895
2.0,2,9,1.8653206380689396,1.2736696019515814e-10,-0.411543190870514,0.9999999991843025,-0.3587863847879847
2.0,2,10,2.061670178918302,1.1245662109642227e-10,-0.3848020991907922,0.9999999991843025,-0.3446671933995902
2.0,2,11,2.2580197197676637,9.988971565457304e-11,-0.36117368668044764,0.9999999991843024,-0.33014441980843084
2.0,2,12,2.454369260617026,8.919905882075131e-11,-0.3401146611368529,0.9999999991843025,-0.3157583354432386
2.0,2,13,2.650718801466388,8.003524627338283e-11,-0.3212175871573347,0.9999999991843023,-0.3018269767505186
2.0,2,14,2.84706834231575,7.212931165324904e-11,-0.30416613462198716,0.9999999991843026,-0.2885255740150548
2.0,2,15,3.043417883165112,6.526995898730078e-11,-0.28870771315468874,0.9999999991843023,-0.27593897679182255
2.0,2,16,3.2397674240144743,5.92880925934743e-11,-0.27463614635606354,0.9999999991843025,-0.26409580129363064
2.0,2,17,3.436116964863836,5.404699314051449e-11,-0.26178027012135857,0.9999999991843022,-0.2529904863580971
2.0,2,18,3.6324665057131984,4.943471958411942e-11,-0.2499961241804294,0.9999999991843026,-0.2425974462711374
2.0,2,19,3.8288160465625602,4.535917611990649e-11,-0.23916139491423857,0.9999999991843025,-0.23288008938644886
2.0,2,20,4.025165587411922,4.17438491488174e-11,-0.22917132004868543,0.9999999991843023,-0.2237965114524075
2.0,2,21,4.221515128261284,3.852489573686844e-11,-0.21993557856935064,0.9999999991843023,-0.21530303907304793
2.0,2,22,4.417864669110647,3.564878772423373e-11,-0.21137586924856025,0.9999999991843023,-0.20735638580580482
2.0,2,23,4.614214209960009,3.3070390261168766e-11,-0.2034239870181719,0.9999999991843025,-0.1999149156545298
2.0,2,24,4.81056375080937,3.075152831909643e-11,-0.1960202701895098,0.9999999991843023,-0.1929393353214828
2.0,2,25,5.006913291658733,2.8659699208566178e-11,-0.1891123310276354,0.9999999991843023,-0.1863930241685936
2.0,2,26,5.203262832508095,2.6767194417660617e-11,-0.1826540074192342,0.9999999991843023,-0.18024213779292694
2.0,2,27,5.399612373357457,2.505026051423509e-11,-0.17660449001240613,0.9999999991843025,-0.17445557352529964
2.0,2,28,5.595961914206819,2.3488489262797166e-11,-0.1709275905369051,0.9999999991843026,-0.1690048550630467
2.0,2,29,5.792311455056181,2.2064269167486233e-11,-0.16559112497021225,0.9999999991843023,-0.16386397308328526
2.0,2,30,5.988660995905543,2.076231658565253e-11,-0.160566390963573,0.9999999991843025,-0.15900920532858565
2.0,2,31,6.1850105367549055,1.956939994791065e-11,-0.15582772320151428,0.9999999991843025,-0.15441893089784595
2.0,2,32,6.381360077604267,1.8473964120895244e-11,-0.15135211359338144,0.9999999991843025,-0.15007344773922468
2.0,2,33,6.577709618453629,1.746591851849665e-11,-0.14711888568217343,0.9999999991843023,-0.14595479860005273
2.0,2,34,6.7740591593029915,1.6536402680313608e-11,-0.14310941460256613,0.9999999991843023,-0.14204660826478324
2.0,2,35,6.970408700152354,1.5677639917924483e-11,-0.13930688546281186,0.9999999991843023,-0.13833393336008948
2.0,2,36,7.166758241001715,1.4882769469206503e-11,-0.1356960842604814,0.9999999991843023,-0.13480312503052042
2.0,2,37,7.3631077818510775,1.4145726377449455e-11,-0.1322632164394192,0.9999999991843023,-0.13144170419272705
2.0,2,38,7.55945732270044,1.3461128020682221e-11,-0.12899574900630734,0.9999999991843027,-0.12823824873007267
2.0,2,39,7.755806863549802,1.2824211728998563e-11,-0.12588227278863964,0.9999999991843028,-0.12518229180578905
2.0,2,40,7.9521564043991635,1.2230728084893346e-11,-0.12291238196136171,0.9999999991843023,-0.12226423039313891
2.0,2,41,8.148505945248527,1.1676860998861432e-11,-0.12007656841992356,0.9999999991843023,-0.11947524310728436
2.0,2,42,8.344855486097888,1.1159218714586306e-11,-0.11736612895105795,0.9999999991843025,-0.11680721644939379
2.0,2,43,8.54120502694725,1.067476399194888e-11,-0.11477308346349704,0.9999999991843023,-0.11425267862263094
2.0,2,44,8.737554567796613,1.0220750437269876e-11,-0.11229010280046485,0.9999999991843023,-0.11180474014069373
2.0,2,45,8.933904108645974,9.794716527227326e-12,-0.10991044487325768,0.9999999991843023,-0.10945704051558018
2.0,2,46,9.130253649495335,9.394438890123951e-12,-0.10762789803794302,0.9999999991843023,-0.10720370037755786
2.0,2,47,9.326603190344699,9.017904246623421e-12,-0.10543673079114291,0.9999999991843026,-0.1050392784445062
2.0,2,48,9.52295273119406,8.663301568810359e-12,-0.10333164699091063,0.9999999991843025,-0.10295873281818231
2.0,2,49,9.719302272043423,8.32897617603514e-12,-0.10130774591884922,0.9999999991843023,-0.10095738614049007
2.0,2,50,9.915651812892785,8.013424697806195e-12,-0.0993604865931356,0.9999999991843023,-0.09903089419384344
2.0,2,51,10.112001353742146,7.715284207739732e-12,-0.09748565582170596,0.9999999991843023,-0.09717521757560044
2.0,2,52,10.30835089459151,7.433310010848824e-12,-0.09567933955276338,0.9999999991843023,-0.0953865961176227
2.0,2,53,10.50470043544087,7.166365573367703e-12,-0.09393789713782727,0.9999999991843023,-0.09366152575907272
2.0,2,54,10.701049976290232,6.913411548223259e-12,-0.09225793817230482,0.9999999991843023,-0.09199673761316615
2.0,2,55,10.897399517139595,6.673496065229386e-12,-0.09063630162129829,0.9999999991843023,-0.0903891789978625
2.0,2,56,11.093749057988957,6.445744369149577e-12,-0.08907003697514373,0.9999999991843025,-0.08883599622608321
2.0,2,57,11.29009859883832,6.229358252856412e-12,-0.08755638721089908,0.9999999991843025,-0.08733451897406286
2.0,2,58,11.486448139687681,6.0235985487274685e-12,-0.086092773363415,0.9999999991843025,-0.08588224606652481
2.0,2,59,11.682797680537043,5.82778785430902e-12,-0.08467678053336246,0.9999999991843023,-0.08447683253525301
2.0,2,60,11.879147221386406,5.641296907052815e-12,-0.08330614518018849,0.9999999991843023,-0.08311607782335277
2.0,2,61,12.075496762235767,5.463549417146457e-12,-0.08197874356587707,0.9999999991843023,-0.08179791502155367
2.0,2,62,12.271846303085129,5.294011949403669e-12,-0.08069258123098547,0.9999999991843022,-0.08052040103508226
2.0,2,63,12.468195843934492,5.132188070098039e-12,-0.07944578339803177,0.9999999991843023,-0.07928170759070276
2.0,2,64,12.664545384783853,4.977620701904355e-12,-0.07823658620920129,0.9999999991843025,-0.07808011300296841
2.0,2,65,12.860894925633216,4.829886575283159e-12,-0.07706332871575049,0.9999999991843026,-0.07691399462754844
2.0,2,66,13.057244466482578,4.688592030654496e-12,-0.07592444554562039,0.9999999991843025,-0.07578182193676031
2.0,2,67,13.25359400733194,4.553368709258133e-12,-0.07481846018379273,0.9999999991843025,-0.07468215015944449
2.0,2,68,13.449943548181302,4.423877621379601e-12,-0.07374397880698329,0.9999999991843023,-0.07361361443302167
2.0,2,69,13.646293089030664,4.299798915532444e-12,-0.0726996846204872,0.9999999991843023,-0.07257492442120834
2.0,2,70,13.842642629880025,4.18083739807834e-12,-0.07168433265048683,0.9999999991843024,-0.0715648593551213
2.0,2,71,14.038992170729388,4.066717628993039e-12,-0.07069674494998542,0.9999999991843025,-0.07058226346023097
2.0,2,72,14.23534171157875,3.9571834421713756e-12,-0.06973580618083368,0.9999999991843023,-0.06962604173487291
2.0,2,73,14.431691252428113,3.851991143051072e-12,-0.06880045953812577,0.9999999991843023,-0.06869515604976989
2.0,2,74,14.628040793277474,3.750916437931344e-12,-0.0678897029866304,0.9999999991843023,-0.06778862154072013
2.0,2,75,14.824390334126836,3.653748286487473e-12,-0.06700258578193201,0.9999999991843023,-0.06690550326938777
2.0,2,76,15.020739874976199,3.5602879611207482e-12,-0.0661382052516391,0.9999999991843025,-0.06604491312957426
2.0,2,77,15.21708941582556,3.470352907114721e-12,-0.06529570381440825,0.9999999991843023,-0.0652060069783427
2.0,2,78,15.413438956674922,3.3837661492425688e-12,-0.06447426621666694,0.9999999991843023,-0.0643879819734047
2.0,2,79,15.609788497524285,3.3003647082600747e-12,-0.06367311696882749,0.9999999991843024,-0.06359007409983607
2.0,2,80,15.806138038373646,3.2199953673499358e-12,-0.06289151796449303,0.9999999991843025,-0.0628115558708306
2.0,2,81,16.002487579223008,3.1425148369243906e-12,-0.06212876626768839,0.9999999991843023,-0.06205173418838373
2.0,2,82,16.19883712007237,3.067783590261166e-12,-0.061384192054522786,0.9999999991843026,-0.061309948351345386
2.0,2,83,16.395186660921734,2.9956780588658604e-12,-0.0606571566969268,0.9999999991843023,-0.06058556819915478
2.0,2,84,16.591536201771095,2.9260728356575084e-12,-0.05994705097721677,0.9999999991843025,-0.05987799238068417
2.0,2,85,16.787885742620457,2.858857562606086e-12,-0.05925329342323954,0.9999999991843023,-0.05918664673860615
2.0,2,86,16.98423528346982,2.7939214826233695e-12,-0.05857532875475388,0.9999999991843025,-0.05851098280047062
2.0,2,87,17.18058482431918,2.7311660363223667e-12,-0.05791262643251781,0.9999999991843023,-0.05785047636833445
2.0,2,88,17.376934365168545,2.67049215550733e-12,-0.05726467930228725,0.9999999991843025,-0.057204626199679885
2.0,2,89,17.573283906017906,2.6118119378906553e-12,-0.056631002326596735,0.9999999991843023,-0.056572952772776186
2.0,2,90,17.769633446867267,2.555036544405296e-12,-0.056011131397795094,0.9999999991843025,-0.05595499713037132
2.0,2,91,17.96598298771663,2.500086035448662e-12,-0.055404622226355824,0.9999999991843027,-0.05535031979594309
2.0,2,92,18.16233252856599,2.4468852990168017e-12,-0.054811049298976545,0.9999999991843023,-0.054758499757324976
2.0,2,93,18.358682069415355,2.3953578548975037e-12,-0.05423000490143254,0.9999999991843023,-0.05417913351288528
2.0,2,94,18.555031610264717,2.3454357406503122e-12,-0.053661098201557685,0.9999999991843023,-0.053611834175915245
2.0,2,95,18.751381151114078,2.2970531714760923e-12,-0.053103954388099575,0.9999999991843023,-0.05305623063303505
2.0,2,96,18.94773069196344,2.25014768744904e-12,-0.05255821386153319,0.9999999991843023,-0.05251196675296473
2.0,2,97,19.1440802328128,2.204659954513494e-12,-0.05202353147322765,0.9999999991843023,-0.0519787006421604
2.0,2,98,19.340429773662162,2.160532991068222e-12,-0.05149957580964198,0.9999999991843025,-0.051456103944181125
2.0,2,99,19.536779314511527,2.1177134947881267e-12,-0.0509860285184836,0.9999999991843028,-0.05094386117972049
2.0,2,100,19.73312885536089,2.0761521585451556e-12,-0.05048258367399852,0.9999999991843026,-0.0504416691247859
2.0,2,101,19.92947839621025,2.0357992283913365e-12,-0.04998894717877775,0.9999999991843023,-0.04994923622420744
2.0,2,102,20.12582793705961,1.996607357136048e-12,-0.04950483619966105,0.9999999991843023,-0.04946628203853195
2.0,2,103,20.322177477908973,1.958533332958744e-12,-0.049029978635500945,0.9999999991843023,-0.04899253672173598
2.0,2,104,20.518527018758338,1.9215351594470686e-12,-0.04856411261471382,0.9999999991843023,-0.04852774052810591
2.0,2,105,20.7148765596077,1.885572788789872e-12,-0.04810698602069898,0.9999999991843023,-0.04807164334623761
2.0,2,106,20.91122610045706,1.8506080145640256e-12,-0.04765835604334474,0.9999999991843023,-0.047624004258406925
2.0,2,107,21.107575641306422,1.8166043713228246e-12,-0.04721798875496936,0.9999999991843023,-0.04718459112389262
2.0,2,108,21.303925182155783,1.7835270404985958e-12,-0.046785658709163264,0.9999999991843023,-0.046753180184613115
2.0,2,109,21.50027472300515,1.7513422854303085e-12,-0.04636114856110689,0.9999999991843025,-0.046329555691731986
2.0,2,110,21.69662426385451,1.7200197522871494e-12,-0.045944248708039315,0.9999999991843023,-0.045913509551976664
2.0,2,111,21.89297380470387,1.6895276249550491e-12,-0.04553475694864472,0.9999999991843023,-0.045504840992443805
2.0,2,112,22.089323345553233,1.6598373194553676e-12,-0.045132478160209155,0.9999999991843023,-0.04510335624278475
2.0,2,113,22.285672886402594,1.6309205876911492e-12,-0.04473722399247852,0.9999999991843025,-0.04470886823378557
2.0,2,114,22.482022427251955,1.6027517132021907e-12,-0.04434881257722161,0.9999999991843025,-0.044321196311239645
2.0,2,115,22.67837196810132,1.575305192351446e-12,-0.04396706825256875,0.9999999991843023,-0.04394016596436227
2.0,2,116,22.87472150895068,1.5485557538958123e-12,-0.04359182130125926,0.9999999991843023,-0.04356560856783539
2.0,2,117,23.071071049800043,1.5224804483254226e-12,-0.04322290770198799,0.9999999991843023,-0.04319736113663674
2.0,2,118,23.267420590649404,1.497056859690333e-12,-0.04286016889309456,0.9999999991843023,-0.04283526609303911
2.0,2,119,23.463770131498766,1.4722630933536555e-12,-0.042503451547888614,0.9999999991843025,-0.042479171044969594
2.0,2,120,23.66011967234813,1.4480797347966034e-12,-0.04215260736094952,0.9999999991843023,-0.04212892857521763
2.0,2,121,23.856469213197492,1.4244854116319431e-12,-0.041807492844782225,0.9999999991843025,-0.04178439604069931
2.0,2,122,24.052818754046854,1.4014627000139083e-12,-0.04146796913624962,0.9999999991843023,-0.04144543538145059
2.0,2,123,24.249168294896215,1.378991829845977e-12,-0.04113390181223912,0.9999999991843025,-0.041111912938554554
2.0,2,124,24.445517835745576,1.3570564348917237e-12,-0.04080516071405442,0.9999999991843025,-0.04078369928083411
2.0,2,125,24.64186737659494,1.3356396733318723e-12,-0.0404816197800564,0.9999999991843023,-0.04046066903939102
2.0,2,126,24.838216917444303,1.3147246432253536e-12,-0.040163156886104584,0.9999999991843023,-0.04014270075010723
2.0,2,127,25.034566458293664,1.2942958170879795e-12,-0.03984965369338041,0.9999999991843025,-0.039829676703141255
2.0,4,0,0.09817477042468103,7.089859438771923e-10,-1.2398546417543093,0.9999999991842998,-0.08844406848433767
2.0,4,1,0.2945243112740431,5.4724610142853e-10,-1.0047545876284112,0.9999999991842978,-0.19836630641277367
2.0,4,2,0.4908738521234052,4.297841700509351e-10,-0.8457790448954224,0.9999999991842987,-0.2685785219742706
2.0,4,3,0.6872233929727672,3.4588559876025683e-10,-0.7335719320129866,0.9999999991842998,-0.3091834737343778
2.0,4,4,0.8835729338221293,2.8440436598585254e-10,-0.6498304365398351,0.9999999991843,-0.3303748247249821
2.0,4,5,1.0799224746714913,2.379247898468172e-10,-0.5843666322680512,0.9999999991843006,-0.3391486593652386
2.0,4,6,1.2762720155208536,2.018202402220521e-10,-0.5313656959783077,0.9999999991843012,-0.33998822684865865
2.0,4,7,1.4726215563702154,1.7315059153819442e-10,-0.4873168497831942,0.9999999991843012,-0.3357730114571891
2.0,4,8,1.6689710972195777,1.4997626263662907e-10,-0.44997358123620307,0.9999999991843014,-0.3283948050753591
2.0,4,9,1.8653206380689396,1.3097015589818164e-10,-0.41782426548413454,0.9999999991843012,-0.3191179333212583
2.0,4,10,2.061670178918302,1.1519356779723062e-10,-0.3898078342480055,0.9999999991843022,-0.30879250806697844
2.0,4,11,2.2580197197676637,1.0196430592993677e-10,-0.3651522034833682,0.9999999991843016,-0.2979882277186279
2.0,4,12,2.454369260617026,9.077337177528991e-11,-0.3432779848142946,0.9999999991843015,-0.28708272349439584
2.0,4,13,2.650718801466388,8.123382253523238e-11,-0.3237388079023214,0.9999999991843016,-0.2763216675740158
2.0,4,14,2.84706834231575,7.304621468110475e-11,-0.3061830522894094,0.9999999991843012,-0.2658602215567523
2.0,4,15,3.043417883165112,6.597519584447278e-11,-0.290328527695432,0.9999999991843017,-0.2557917418977587
2.0,4,16,3.2397674240144743,5.98339271365142e-11,-0.2759452180397701,0.9999999991843016,-0.2461676653982938
2.0,4,17,3.436116964863836,5.447212752667683e-11,-0.2628431866932358,0.9999999991843017,-0.23701126703230452
2.0,4,18,3.6324665057131984,4.976806329363094e-11,-0.2508638746271013,0.9999999991843017,-0.2283271603466272
2.0,4,19,3.8288160465625602,4.562224718318552e-11,-0.2398736882851517,0.9999999991843016,-0.22010784241221204
2.0,4,20,4.025165587411922,4.1952799974998455e-11,-0.22975917256147307,0.9999999991843016,-0.21233818864054946
2.0,4,21,4.221515128261284,3.869191505778573e-11,-0.2204233080145701,0.9999999991843018,-0.2049985259910259
2.0,4,22,4.417864669110647,3.578313592687129e-11,-0.2117826236229821,0.9999999991843016,-0.19806672054845909
2.0,4,23,4.614214209960009,3.317912902236716e-11,-0.2037649134228382,0.9999999991843012,-0.19151958188689108
2.0,4,24,4.81056375080937,3.0840015691579766e-11,-0.196307408596944,0.9999999991843014,-0.18533379414066573
2.0,4,25,5.006913291658733,2.8732114946370466e-11,-0.18935529869534415,0.9999999991843016,-0.17948651967195206
2.0,4,26,5.203262832508095,2.6826783056674936e-11,-0.18286052432532426,0.9999999991843016,-0.17395577686433703
2.0,4,27,5.399612373357457,2.5099548446335156e-11,-0.17678078356492427,0.9999999991843018,-0.16872066279274042
2.0,4,28,5.595961914206819,2.3529472943953387e-11,-0.17107870847322584,0.9999999991843015,-0.16376147011939654
2.0,4,29,5.792311455056181,2.2098483183802702e-11,-0.16572117826795216,0.9999999991843018,-0.15905973265078865
2.0,4,30,5.988660995905543,2.0791029115319107e-11,-0.16067874323243717,0.9999999991843018,-0.15459822357130068
2.0,4,31,6.1850105367549055,1.959360262043305e-11,-0.15592513900362484,0.9999999991843016,-0.15036092307355364
2.0,4,32,6.381360077604267,1.8494447312261176e-11,-0.15143687512171383,0.9999999991843016,-0.14633296698724738
2.0,4,33,6.577709618453629,1.7483309704711745e-11,-0.14719288496160782,0.999999999184302,-0.142500584412787
2.0,4,34,6.7740591593029915,1.6551243510660646e-11,-0.14317422667557939,0.9999999991843017,-0.13885102983751166
2.0,4,35,6.970408700152354,1.5690348438592387e-11,-0.13936382673937553,0.9999999991843016,-0.13537251343486495
2.0,4,36,7.166758241001715,1.4893691301460237e-11,-0.1357462592429224,0.9999999991843015,-0.13205413199879368
2.0,4,37,7.3631077818510775,1.4155141421086946e-11,-0.13230755529876598,0.9999999991843016,-0.12888580209111858
2.0,4,38,7.55945732270044,1.3469279746219273e-11,-0.1290350379281979,0.9999999991843016,-0.12585819637009424
2.0,4,39,7.755806863549802,1.283128451774057e-11,-0.12591717858053614,0.9999999991843018,-0.12296268364612019
2.0,4,40,7.9521564043991635,1.223687985722232e-11,-0.12294347208607646,0.9999999991843016,-0.12019127292095341
2.0,4,41,8.148505945248527,1.1682231343177827e-11,-0.12010432736905664,0.9999999991843016,-0.11753656147127983
2.0,4,42,8.344855486097888,1.1163926190998291e-11,-0.1173909716777282,0.9999999991843014,-0.1149916869083081
2.0,4,43,8.54120502694725,1.0678898218440896e-11,-0.11479536644310993,0.999999999184301,-0.11255028306266168
2.0,4,44,8.737554567796613,1.0224382623606004e-11,-0.11231013317095483,0.9999999991843016,-0.11020643949374292
2.0,4,45,8.933904108645974,9.797918654568691e-12,-0.1099284880145268,0.9999999991843018,-0.10795466439628629
2.0,4,46,9.130253649495335,9.397274741301131e-12,-0.10764418387823636,0.9999999991843015,-0.10578985066449197
2.0,4,47,9.326603190344699,9.020420932787406e-12,-0.10545145907138119,0.9999999991843016,-0.10370724487376073
2.0,4,48,9.52295273119406,8.6655368925637e-12,-0.10334499167314141,0.9999999991843016,-0.10170241894558399
2.0,4,49,9.719302272043423,8.330965786920532e-12,-0.10131985888936497,0.9999999991843015,-0.09977124427140852
2.0,4,50,9.915651812892785,8.015197020004937e-12,-0.0993715007824311,0.9999999991843018,-0.09790986808417082
2.0,4,51,10.112001353742146,7.716875204454525e-12,-0.09749568784075738,0.9999999991843012,-0.09611469188025973
2.0,4,52,10.30835089459151,7.434728725913467e-12,-0.09568849192690361,0.9999999991843019,-0.09438235170920159
2.0,4,53,10.50470043544087,7.1676379837081645e-12,-0.09394626020483095,0.999999999184302,-0.09270970016309618
2.0,4,54,10.701049976290232,6.914561307453614e-12,-0.09226559169945356,0.9999999991843014,-0.09109378991153134
2.0,4,55,10.897399517139595,6.6745311944589995e-12,-0.09064331618659367,0.9999999991843015,-0.08953185864167763
2.0,4,56,11.093749057988957,6.446677809781066e-12,-0.08907647515003347,0.9999999991843018,-0.08802131527494834
2.0,4,57,11.29009859883832,6.2302004608539935e-12,-0.0875623045755108,0.999999999184302,-0.08655972734417643
2.0,4,58,11.486448139687681,6.0243643942407e-12,-0.08609821938008394,0.9999999991843016,-0.08514480942562025
2.0,4,59,11.682797680537043,5.828480195467396e-12,-0.08468179929996766,0.9999999991843017,-0.08377441252948203
2.0,4,60,11.879147221386406,5.641925014558602e-12,-0.08331077608128948,0.9999999991843018,-0.08244651436291565
2.0,4,61,12.075496762235767,5.4641214991693475e-12,-0.08198302183674365,0.9999999991843017,-0.08115921038633489
2.0,4,62,12.271846303085129,5.294533844202383e-12,-0.08069653844721053,0.9999999991843015,-0.0799107055920357
2.0,4,63,12.468195843934492,5.132660742965617e-12,-0.07944944790142126,0.9999999991843022,-0.07869930694102754
2.0,4,64,12.664545384783853,4.978054389137794e-12,-0.07823998347898017,0.999999999184302,-0.07752341639937493
2.0,4,65,12.860894925633216,4.830285236171075e-12,-0.07706648169273796,0.9999999991843018,-0.07638152452167067
2.0,4,66,13.057244466482578,4.688958538637016e-12,-0.07592737491587216,0.9999999991843015,-0.07527220453367182
2.0,4,67,13.25359400733194,4.553703741416367e-12,-0.07482118462723933,0.9999999991843017,-0.07419410687078978
2.0,4,68,13.449943548181302,4.42418593532324e-12,-0.0737465152157764,0.9999999991843014,-0.07314595413350208
2.0,4,69,13.646293089030664,4.300081291763046e-12,-0.07270204829108415,0.9999999991843016,-0.07212653642370936
2.0,4,70,13.842642629880025,4.181097907330558e-12,-0.0716865374529199,0.9999999991843016,-0.07113470703023701
2.0,4,71,14.038992170729388,4.066956083212197e-12,-0.07069880347727747,0.999999999184302,-0.07016937843369692
2.0,4,72,14.23534171157875,3.957404469487813e-12,-0.06973772988110173,0.9999999991843016,-0.0692295186047405
2.0,4,73,14.431691252428113,3.852194244390047e-12,-0.06880225883156646,0.9999999991843018,-0.06831414757080553
2.0,4,74,14.628040793277474,3.751105200381356e-12,-0.06789138736927676,0.9999999991843016,-0.06742233423006026
2.0,4,75,14.824390334126836,3.653923003043204e-12,-0.06700416391781797,0.9999999991843016,-0.06655319339191897
2.0,4,76,15.020739874976199,3.560450326077009e-12,-0.0661396850547873,0.9999999991843017,-0.06570588302644742
2.0,4,77,15.21708941582556,3.4705030435816168e-12,-0.06529709252187062,0.9999999991843016,-0.06487960170564175
2.0,4,78,15.413438956674922,3.383905529159032e-12,-0.06447557045368606,0.9999999991843016,-0.06407358622162478
2.0,4,79,15.609788497524285,3.3004933268637834e-12,-0.06367434280704912,0.9999999991843019,-0.06328710936778742
2.0,4,80,15.806138038373646,3.2201171462426595e-12,-0.06289267097404043,0.9999999991843015,-0.062519477870482
2.0,4,81,16.002487579223008,3.1426252718729467e-12,-0.06212985156380745,0.999999999184302,-0.06177003045936096
2.0,4,82,16.19883712007237,3.0678885028778002e-12,-0.06138521433941708,0.9999999991843018,-0.06103813606622819
2.0,4,83,16.395186660921734,2.995775102335318e-12,-0.060658120297327096,0.9999999991843017,-0.06032319214210516
2.0,4,84,16.591536201771095,2.9261645920001836e-12,-0.05994795987815939,0.9999999991843016,-0.059624623084513474
2.0,4,85,16.787885742620457,2.8589425345306245e-12,-0.05925415129847512,0.9999999991843016,-0.058941878765760354
2.0,4,86,16.98423528346982,2.794000165385995e-12,-0.058576138994152524,0.999999999184302,-0.05827443315599976
2.0,4,87,17.18058482431918,2.7312388835964516e-12,-0.057913392166797674,0.999999999184302,-0.057621783032960686
2.0,4,88,17.376934365168545,2.670561764060725e-12,-0.0572654034253519,0.9999999991843018,-0.056983446773084825
2.0,4,89,17.573283906017906,2.6118775271573086e-12,-0.05663168751573539,0.9999999991843015,-0.05635896321763544
2.0,4,90,17.769633446867267,2.5550970291931835e-12,-0.05601178013196991,0.999999999184302,-0.055747890608708266
2.0,4,91,17.96598298771663,2.500144137521267e-12,-0.0554052368027746,0.9999999991843018,-0.05514980559024406
2.0,4,92,18.16233252856599,2.446939232093256e-12,-0.0548116318481274,0.9999999991843016,-0.05456430226947931
2.0,4,93,18.358682069415355,2.395408873870148e-12,-0.05423055740073739,0.9999999991843015,-0.05399099133443787
2.0,4,94,18.555031610264717,2.345483421728819e-12,-0.053661622487783237,0.9999999991843016,-0.05342949922417955
2.0,4,95,18.751381151114078,2.297098050724649e-12,-0.05310445216865018,0.9999999991843016,-0.05287946734766015
2.0,4,96,18.94773069196344,2.250189958281367e-12,-0.05255868672473623,0.9999999991843016,-0.05234055134818823
2.0,4,97,19.1440802328128,2.2047003953395448e-12,-0.05202398089771035,0.9999999991843014,-0.0518124204103027
2.0,4,98,19.340429773662162,2.1605711541433556e-12,-0.0515000031728866,0.9999999991843016,-0.051294756606832796
2.0,4,99,19.536779314511527,2.1177506852198645e-12,-0.050986435104641604,0.9999999991843015,-0.050787254282422714
2.0,4,100,19.73312885536089,2.0761876239287947e-12,-0.050482970681033294,0.9999999991843012,-0.05028961947215825
2.0,4,101,19.92947839621025,2.035830594576985e-12,-0.04998931572499925,0.9999999991843017,-0.04980156935259452
2.0,4,102,20.12582793705961,1.9966372763569788e-12,-0.04950518732970971,0.9999999991843016,-0.04932283172310714
2.0,4,103,20.322177477908973,1.958561639224552e-12,-0.0490303133258313,0.9999999991843016,-0.04885314451568855
2.0,4,104,20.518527018758338,1.921560909559912e-12,-0.048564431778624136,0.999999999184302,-0.048392255331581334
2.0,4,105,20.7148765596077,1.8855976572433765e-12,-0.048107290512948306,0.9999999991843018,-0.04793992100261603
2.0,4,106,20.91122610045706,1.850632070380032e-12,-0.04765864666439412,0.9999999991843016,-0.04749590717629926
2.0,4,107,21.107575641306422,1.8166266889836094e-12,-0.047218266254881104,0.9999999991843018,-0.04705998792283983
2.0,4,108,21.303925182155783,1.7835484427359254e-12,-0.04678592379118893,0.9999999991843017,-0.046631945362639975
2.0,4,109,21.50027472300515,1.7513633110837951e-12,-0.0463614018849902,0.9999999991843016,-0.046211569313760054
2.0,4,110,21.69662426385451,1.7200388030671537e-12,-0.045944490893060505,0.9999999991843018,-0.045798656956877556
2.0,4,111,21.89297380470387,1.689546635566083e-12,-0.045534988576427314,0.9999999991843014,-0.045393012518051785
2.0,4,112,22.089323345553233,1.6598545074079046e-12,-0.04513269977730975,0.9999999991843018,-0.04499444696754779
2.0,4,113,22.285672886402594,1.6309375920701183e-12,-0.044737436112778604,0.9999999991843017,-0.04460277773359758
2.0,4,114,22.482022427251955,1.6027685607295908e-12,-0.04434901568413743,0.9999999991843014,-0.04421782843083518
2.0,4,115,22.67837196810132,1.575320406432565e-12,-0.04396726280109508,0.9999999991843016,-0.043839428601933114
2.0,4,116,22.87472150895068,1.5485698291050226e-12,-0.04359200771985996,0.9999999991843018,-0.04346741347239473
2.0,4,117,23.071071049800043,1.5224940612066765e-12,-0.04322308639434678,0.9999999991843017,-0.043101623716924914
2.0,4,118,23.267420590649404,1.4970696336630284e-12,-0.04286034023973715,0.9999999991843018,-0.04274190523735127
2.0,4,119,23.463770131498766,1.4722752710584989e-12,-0.04250361590768623,0.999999999184302,-0.04238810895136452
2.0,4,120,23.66011967234813,1.4480913493951994e-12,-0.0421527650725139,0.9999999991843018,-0.04204009059113511
2.0,4,121,23.856469213197492,1.4244964941696403e-12,-0.041807644227760364,0.999999999184302,-0.04169771051166043
2.0,4,122,24.052818754046854,1.401473661093563e-12,-0.04146811449252631,0.9999999991843016,-0.041360833508049366
2.0,4,123,24.249168294896215,1.379002684507448e-12,-0.04113404142705447,0.9999999991843016,-0.04102932864146135
2.0,4,124,24.445517835745576,1.3570675663422265e-12,-0.040805294857043165,0.9999999991843012,-0.04070306907296526
2.0,4,125,24.64186737659494,1.33564944642912e-12,-0.04048174870621471,0.9999999991843015,-0.0403819319051764
2.0,4,126,24.838216917444303,1.314734004254107e-12,-0.04016328083669002,0.9999999991843015,-0.040065798031271985
2.0,4,127,25.034566458293664,1.2943049635941215e-12,-0.03984977289675039,0.9999999991843016,-0.039754551990451935
3.0,2,0,0.09817477042468103,-2.3629437392614446e-15,-0.998248735683335,1.5000000000000036,-0.40445519835744514
3.0,2,1,0.2945243112740431,-2.7342022832058014e-16,-0.7186437139650329,1.5000000000000007,-0.7376639508295956
3.0,2,2,0.4908738521234052,6.209835215559254e-17,-0.5702017571408843,1.4999999999999998,-0.9777904716692909
3.0,2,3,0.6872233929727672,1.910482250363428e-16,-0.49094132642275695,1.4999999999999991,-1.1042092277306512
3.0,2,4,0.8835729338221293,1.1949333348772038e-16,-0.4439119581972646,1.4999999999999993,-1.1471700322958085
3.0,2,5,1.0799224746714913,6.964898847932192e-17,-0.4125297321145212,1.4999999999999996,-1.1378803619172067
3.0,2,6,1.2762720155208536,6.247502558300359e-17,-0.38900589640780336,1.4999999999999996,-1.0998801580466593
3.0,2,7,1.4726215563702154,5.678391391434785e-17,-0.36959329560264137,1.4999999999999996,-1.0482585813595628
3.0,2,8,1.6689710972195777,5.1948490752526883e-17,-0.3524833534611554,1.4999999999999996,-0.9918006344297172
3.0,2,9,1.8653206380689396,4.767455840327027e-17,-0.3368127170836621,1.4999999999999996,-0.9352820380202067
3.0,2,10,2.061670178918302,4.382137398780369e-17,-0.3221772922888941,1.4999999999999996,-0.8811222489122204
3.0,2,11,2.2580197197676637,4.031800549411478e-17,-0.30839145657788614,1.4999999999999996,-0.830416533700138
3.0,2,12,2.454369260617026,-1.8562117385127623e-17,-0.29536915954245535,1.5000000000000002,-0.7835399756657329
3.0,2,13,2.650718801466388,0.0,-0.2830662599323615,1.5,-0.7404898380702652
3.0,2,14,2.84706834231575,-1.578040404323446e-17,-0.2714535686904358,1.5000000000000002,-0.7010761328854288
3.0,2,15,3.043417883165112,2.914814371851886e-17,-0.26050509016824985,1.4999999999999996,-0.6650261567354936
3.0,2,16,3.2397674240144743,1.3477465416863807e-17,-0.25019358816578063,1.4999999999999998,-0.6320407678824934
3.0,2,17,3.436116964863836,1.2481072825932812e-17,-0.24048951393903767,1.4999999999999998,-0.6018237375688075
3.0,2,18,3.6324665057131984,0.0,-0.23136133782876378,1.5,-0.574096158613018
3.0,2,19,3.8288160465625602,-1.0753084565695084e-17,-0.22277634818948097,1.5000000000000002,-0.5486026393485764
3.0,2,20,4.025165587411922,2.0009866731165497e-17,-0.21470149603047906,1.4999999999999996,-0.5251130639415312
3.0,2,21,4.221515128261284,0.0,-0.2071041173285591,1.5,-0.5034220430280621
3.0,2,22,4.417864669110647,0.0,-0.19995248511028857,1.5,-0.48334724285214914
3.0,2,23,4.614214209960009,0.0,-0.19321619639810853,1.5,-0.4647272505309844
3.0,2,24,4.81056375080937,-7.620537575496366e-18,-0.1868664191756176,1.5000000000000002,-0.447419331580874
3.0,2,25,5.006913291658733,0.0,-0.18087602913750828,1.5,-0.431297264666145
3.0,2,26,5.203262832508095,0.0,-0.1752196639353028,1.5,-0.41624934192893825
3.0,2,27,5.399612373357457,0.0,-0.1698737182002247,1.5,-0.4021765694780305
3.0,2,28,5.595961914206819,5.9508849898932066e-18,-0.1648162978090971,1.4999999999999998,-0.38899107345703765
3.0,2,29,5.792311455056181,0.0,-0.16002714749502647,1.5,-0.37661470206965164
3.0,2,30,5.988660995905543,-5.3041180026769585e-18,-0.15548756226910598,1.5000000000000002,-0.3649778069203916
3.0,2,31,6.1850105367549055,0.0,-0.15118029023337115,1.5,-0.35401818449213146
3.0,2,32,6.381360077604267,0.0,-0.14708943214486891,1.5,-0.34368015847061817
3.0,2,33,6.577709618453629,4.507109516384825e-18,-0.14320034142041752,1.4999999999999998,-0.3339137847530038
3.0,2,34,6.7740591593029915,0.0,-0.1394995270372915,1.5,-0.32467416266349625
3.0,2,35,6.970408700152354,-4.067795828636972e-18,-0.13597456088692744,1.5000000000000002,-0.3159208377653124
3.0,2,36,7.166758241001715,-3.870942778210993e-18,-0.13261399049503172,1.5000000000000002,-0.30761728349942385
3.0,2,37,7.3631077818510775,0.0,-0.12940725756752844,1.5,-0.29973045059478187
3.0,2,38,7.55945732270044,0.0,-0.12634462250777645,1.5,-0.2922303747369841
3.0,2,39,7.755806863549802,-3.356571141205956e-18,-0.12341709483857378,1.5000000000000002,-0.2850898343413192
3.0,2,40,7.9521564043991635,-3.2070448848296427e-18,-0.12061636932434293,1.5000000000000002,-0.27828405145655505
3.0,2,41,8.148505945248527,-3.067002804199328e-18,-0.11793476750349996,1.5000000000000002,-0.2717904298427004
3.0,2,42,8.344855486097888,2.9356838754491793e-18,-0.11536518429288595,1.4999999999999998,-0.26558832513597874
3.0,2,43,8.54120502694725,0.0,-0.11290103930394518,1.5,-0.2596588427560601
3.0,2,44,8.737554567796613,-2.696525005108468e-18,-0.11053623250585046,1.5000000000000002,-0.25398465984172464
3.0,2,45,8.933904108645974,0.0,-0.1082651038780658,1.5,-0.24854986803695717
3.0,2,46,9.130253649495335,0.0,-0.10608239670966083,1.5,-0.2433398344046248
3.0,2,47,9.326603190344699,4.775899696972404e-18,-0.10398322422203347,1.4999999999999996,-0.23834107813131447
3.0,2,48,9.52295273119406,-2.296540210765064e-18,-0.10196303921345722,1.5000000000000002,-0.2335411610150921
3.0,2,49,9.719302272043423,0.0,-0.10001760644658433,1.5,-0.22892859000724466
3.0,2,50,9.915651812892785,0.0,-0.0981429775227349,1.5,-0.22449273031664335
3.0,2,51,10.112001353742146,0.0,-0.09633546800882815,1.5,-0.22022372778800808
3.0,2,52,10.30835089459151,-1.9779125955163944e-18,-0.0945916366037749,1.5000000000000002,-0.21611243943839173
3.0,2,53,10.50470043544087,-1.908440244860053e-18,-0.0929082661508098,1.5000000000000002,-0.2121503711840105
3.0,2,54,10.701049976290232,-1.8425029900537375e-18,-0.09128234632048328,1.5000000000000002,-0.20832962191641288
3.0,2,55,10.897399517139595,-1.7798691287650866e-18,-0.08971105780582822,1.5000000000000002,-0.20464283319566615
3.0,2,56,11.093749057988957,0.0,-0.0881917578865789,1.5,-0.20108314392167714
3.0,2,57,11.29009859883832,0.0,-0.08672196723330798,1.5,-0.1976441494253403
3.0,2,58,11.486448139687681,-1.6097359999814677e-18,-0.08529935783503782,1.5000000000000002,-0.19431986449061564
3.0,2,59,11.682797680537043,-1.5583412048697898e-18,-0.08392174194535985,1.5000000000000002,-0.19110468987871795
3.0,2,60,11.879147221386406,-1.5093351923847157e-18,-0.08258706195245676,1.5000000000000002,-0.1879933819776102
3.0,2,61,12.075496762235767,0.0,-0.081293381087758,1.5,-0.18498102524493037
3.0,2,62,12.271846303085129,0.0,-0.08003887489635816,1.5,-0.18206300715203458
3.0,2,63,12.468195843934492,0.0,-0.07882182339988546,1.5,-0.1792349953704434
3.0,2,64,12.664545384783853,-1.3344767946205698e-18,-0.07764060388928977,1.5000000000000002,-0.17649291697237088
3.0,2,65,12.860894925633216,-1.2954559454075078e-18,-0.07649368429112183,1.5000000000000002,-0.17383293944243283
3.0,2,66,13.057244466482578,2.51620473181717e-18,-0.07537961705634634,1.4999999999999996,-0.17125145332080877
3.0,2,67,13.25359400733194,-1.2223234987981636e-18,-0.07429703352565124,1.5000000000000002,-0.16874505631781683
3.0,2,68,13.449943548181302,0.0,-0.07324463872962966,1.5,-0.16631053875759616
3.0,2,69,13.646293089030664,0.0,-0.07222120658617957,1.5,-0.1639448702238356
3.0,2,70,13.842642629880025,-1.123600562383578e-18,-0.07122557546103021,1.5000000000000002,-0.16164518729411165
3.0,2,71,14.038992170729388,0.0,-0.07025664406050953,1.5,-0.1594087822614577
3.0,2,72,14.23534171157875,-2.1284439691555747e-18,-0.06931336762854975,1.5000000000000004,-0.15723309275221556
3.0,2,73,14.431691252428113,0.0,-0.06839475442252094,1.5,-0.15511569215875184
3.0,2,74,14.628040793277474,2.01877421441067e-18,-0.06749986244481979,1.4999999999999996,-0.15305428081381367
3.0,2,75,14.824390334126836,0.0,-0.06662779640924388,1.5,-0.15104667784063594
3.0,2,76,15.020739874976199,0.0,-0.0657777049230786,1.5,-0.14909081361974263
3.0,2,77,15.21708941582556,-9.346890507705048e-19,-0.06494877786753737,1.5000000000000002,-0.14718472281872141
3.0,2,78,15.413438956674922,0.0,-0.06414024396073871,1.5,-0.14532653793694122
3.0,2,79,15.609788497524285,0.0,-0.06335136848880149,1.5,-0.1435144833215285
3.0,2,80,15.806138038373646,-8.679243498471017e-19,-0.0625814511919011,1.5000000000000002,-0.14174686961516303
3.0,2,81,16.002487579223008,0.0,-0.06182982429327167,1.5,-0.14002208859993553
3.0,2,82,16.19883712007237,8.272825557820429e-19,-0.061095850660173215,1.4999999999999998,-0.1383386084049202
3.0,2,83,16.395186660921734,0.0,-0.06037892208678111,1.5,-0.13669496904781464
3.0,2,84,16.591536201771095,-7.89410177172229e-19,-0.05967845768980242,1.5000000000000002,-0.1350897782842524
3.0,2,85,16.787885742620457,-1.5428702162122467e-18,-0.05899390240839836,1.5000000000000004,-0.13352170774007602
3.0,2,86,16.98423528346982,-7.540629030526468e-19,-0.058324725600690144,1.5000000000000002,-0.13198948930458276
3.0,2,87,17.18058482431918,-7.372670837959745e-19,-0.05767041972976399,1.5000000000000002,-0.13049191176446032
3.0,2,88,17.376934365168545,0.0,-0.05703049913266877,1.5,-0.12902781766006688
3.0,2,89,17.573283906017906,0.0,-0.056404498866429564,1.5,-0.1275961003469651
3.0,2,90,17.769633446867267,-6.900940398456014e-19,-0.055791973625578764,1.5000000000000002,-0.12619570124747162
3.0,2,91,17.96598298771663,-6.753662180685341e-19,-0.05519249672614529,1.5000000000000002,-0.12482560727808899
3.0,2,92,18.16233252856599,0.0,-0.05460565915144347,1.5,-0.12348484843976229
3.0,2,93,18.358682069415355,-6.47282509879102e-19,-0.05403106865536637,1.5000000000000002,-0.12217249555916991
3.0,2,94,18.555031610264717,0.0,-0.0534683489192233,1.5,-0.1208876581702423
3.0,2,95,18.751381151114078,-6.20905200585511e-19,-0.05291713875846616,1.5000000000000002,-0.11962948252573666
3.0,2,96,18.94773069196344,-1.2166276183629697e-18,-0.05237709137592845,1.5000000000000004,-0.11839714972977235
3.0,2,97,19.1440802328128,-5.960995337131112e-19,-0.051847873658456764,1.5000000000000002,-0.1171898739828027
3.0,2,98,19.340429773662162,0.0,-0.05132916551404858,1.5,-0.11600690093136096
3.0,2,99,19.536779314511527,0.0,-0.050820659246826286,1.5,-0.11484750611511711
3.0,2,100,19.73312885536089,5.615746483937284e-19,-0.0503220589673733,1.4999999999999998,-0.11371099350497157
3.0,2,101,19.92947839621025,1.1014550210954334e-18,-0.04983308003614082,1.4999999999999996,-0.11259669412570271
3.0,2,102,20.12582793705961,0.0,-0.04935344853779944,1.5,-0.11150396475781951
3.0,2,103,20.322177477908973,-5.299508499019612e-19,-0.04888290078456382,1.5000000000000002,-0.11043218671315849
3.0,2,104,20.518527018758338,5.199986144891135e-19,-0.048421182846658944,1.4999999999999998,-0.10938076467955077
3.0,2,105,20.7148765596077,-5.103228339674532e-19,-0.047968050108227404,1.5000000000000002,-0.10834912562994611
3.0,2,106,20.91122610045706,-5.009134097897652e-19,-0.04752326684709569,1.5000000000000002,-0.10733671779191574
3.0,2,107,21.107575641306422,0.0,-0.047086605836929044,1.5,-0.10634300967371298
3.0,2,108,21.303925182155783,0.0,-0.046657847970405474,1.5,-0.10536748914322289
3.0,2,109,21.50027472300515,0.0,-0.04623678190213457,1.5,-0.10440966255652333
3.0,2,110,21.69662426385451,0.0,-0.0458232037101322,1.5,-0.10346905393302468
3.0,2,111,21.89297380470387,-4.57538705790916e-19,-0.045416916574744344,1.5000000000000002,-0.10254520417426029
3.0,2,112,22.089323345553233,0.0,-0.04501773047398634,1.5,-0.10163767032369558
3.0,2,113,22.285672886402594,-4.417468438420092e-19,-0.04462546189433354,1.5000000000000002,-0.1007460248649762
3.0,2,114,22.482022427251955,-4.341545640521701e-19,-0.04423993355606205,1.5000000000000002,-0.09986985505652565
3.0,2,115,22.67837196810132,0.0,-0.04386097415229887,1.5,-0.09900876230006567
3.0,2,116,22.87472150895068,-4.195434664930056e-19,-0.04348841810099413,1.5000000000000002,-0.09816236154122615
3.0,2,117,23.071071049800043,8.250239036114556e-19,-0.043122105309079534,1.4999999999999996,-0.09733028070035238
3.0,2,118,23.267420590649404,0.0,-0.04276188094812468,1.5,-0.09651216013161917
3.0,2,119,23.463770131498766,7.979343666767387e-19,-0.04240759524084602,1.4999999999999996,-0.09570765210904986
3.0,2,120,23.66011967234813,-1.5697709135500744e-18,-0.04205910325786459,1.5000000000000009,-0.09491642033766108
3.0,2,121,23.856469213197492,3.8607646626187497e-19,-0.041716264724146156,1.4999999999999998,-0.09413813948855829
3.0,2,122,24.052818754046854,3.7986334149281143e-19,-0.041378943834593084,1.4999999999999998,-0.09337249475625357
3.0,2,123,24.249168294896215,-3.737984982671284e-19,-0.041047009078289474,1.5000000000000002,-0.0926191814375067
3.0,2,124,24.445517835745576,-3.6787727107188857e-19,-0.04072033307093225,1.5000000000000002,-0.09187790453001006
3.0,2,125,24.64186737659494,0.0,-0.040398792395009105,1.5,-0.09114837835005882
3.0,2,126,24.838216917444303,0.0,-0.04008226744731082,1.5,-0.09043032616813348
3.0,2,127,25.034566458293664,-3.509313024986025e-19,-0.039770642293390036,1.5000000000000002,-0.08972347986144943
3.0,4,0,0.09817477042468103,4.503930426038835e-15,-1.0106654526883958,1.4999999999999933,-0.3859396020114093
3.0,4,1,0.2945243112740431,-3.584089047314928e-16,-0.7110076136149818,1.5000000000000009,-0.7564265820526768
3.0,4,2,0.4908738521234052,-3.8019902404142664e-16,-0.5769530616347167,1.5000000000000013,-0.9538928676741794
3.0,4,3,0.6872233929727672,-5.084312323474356e-16,-0.5085093041377491,1.5000000000000022,-1.0250543111276207
3.0,4,4,0.8835729338221293,-4.788140346568653e-16,-0.46619535646230664,1.5000000000000024,-1.0283528982374148
3.0,4,5,1.0799224746714913,-4.6097120466798605e-16,-0.4351832604686317,1.5000000000000027,-1.0003683984863023
3.0,4,6,1.2762720155208536,-3.782774886348472e-16,-0.4097233715368039,1.5000000000000024,-0.9595374184693446
3.0,4,7,1.4726215563702154,-3.7210886051455184e-16,-0.38747369452266944,1.5000000000000027,-0.9144619569142269
3.0,4,8,1.6689710972195777,-4.2117872709320115e-16,-0.3674094895594418,1.5000000000000033,-0.8690829269402109
3.0,4,9,1.8653206380689396,-3.0597227473111844e-16,-0.34903598100285005,1.5000000000000027,-0.8251955066692183
3.0,4,10,2.061670178918302,-2.5527874863869213e-16,-0.3320823425042435,1.5000000000000024,-0.7835899808758711
3.0,4,11,2.2580197197676637,-2.1166224998338204e-16,-0.3163778407478277,1.5000000000000022,-0.7445689846006698
3.0,4,12,2.454369260617026,-2.708094338897995e-16,-0.3017994124957845,1.500000000000003,-0.7081901009653341
3.0,4,13,2.650718801466388,-2.1255835297339607e-16,-0.28824851622995584,1.5000000000000027,-0.6743855528643983
3.0,4,14,2.84706834231575,-1.7878309719437798e-16,-0.27564055705408974,1.5000000000000024,-0.643024523316782
3.0,4,15,3.043417883165112,-1.7932241453366703e-16,-0.2638999412945926,1.5000000000000027,-0.613947123274668
3.0,4,16,3.2397674240144743,-1.9274674878253385e-16,-0.2529577240829557,1.500000000000003,-0.5869834626116824
3.0,4,17,3.436116964863836,-1.2710107798044182e-16,-0.24275046123540997,1.5000000000000022,-0.5619644469931308
3.0,4,18,3.6324665057131984,-1.4109070826711367e-16,-0.23321961066008381,1.5000000000000027,-0.5387277769993123
3.0,4,19,3.8288160465625602,-1.1987925012990286e-16,-0.2243111713787249,1.5000000000000024,-0.5171210871321216
3.0,4,20,4.025165587411922,-1.3157688616622054e-16,-0.2159754139836604,1.5000000000000029,-0.497003358870009
3.0,4,21,4.221515128261284,-1.0359670401783765e-16,-0.2081666377138134,1.5000000000000024,-0.4782452954838093
3.0,4,22,4.417864669110647,-1.0535677462616683e-16,-0.20084292899371994,1.5000000000000027,-0.4607290849530065
3.0,4,23,4.614214209960009,-6.559749577779308e-17,-0.19396591491264892,1.5000000000000018,-0.4443478181567373
3.0,4,24,4.81056375080937,-9.205737552450069e-17,-0.18750051314257854,1.5000000000000027,-0.42900472993705213
3.0,4,25,5.006913291658733,-8.627359721275993e-17,-0.18141468257193422,1.5000000000000027,-0.41461236728934575
3.0,4,26,5.203262832508095,-6.748855728146215e-17,-0.17567917925133342,1.5000000000000022,-0.4010917482941496
3.0,4,27,5.399612373357457,-8.883431401313711e-17,-0.1702673215373962,1.500000000000003,-0.38837154927558754
3.0,4,28,5.595961914206819,-9.560036111316812e-17,-0.16515476729218465,1.5000000000000036,-0.37638734093338233
3.0,4,29,5.792311455056181,-5.634640949842614e-17,-0.16031930498111674,1.5000000000000022,-0.3650808835736391
3.0,4,30,5.988660995905543,-5.321192708392026e-17,-0.15574065964688816,1.5000000000000022,-0.35439948493604273
3.0,4,31,6.1850105367549055,-5.5352508721709304e-17,-0.15140031405864027,1.5000000000000024,-0.3442954200913421
3.0,4,32,6.381360077604267,-4.7648666933897657e-17,-0.14728134483641708,1.5000000000000022,-0.33472541054920646
3.0,4,33,6.577709618453629,-4.065821212528007e-17,-0.14336827300474614,1.500000000000002,-0.325650158468941
3.0,4,34,6.7740591593029915,-6.00367122733085e-17,-0.1396469282052849,1.500000000000003,-0.31703393130706076
3.0,4,35,6.970408700152354,-4.483041526755556e-17,-0.13610432566796574,1.5000000000000024,-0.3088441921046907
3.0,4,36,7.166758241001715,-4.2653329570966464e-17,-0.1327285549782567,1.5000000000000024,-0.3010512707425122
3.0,4,37,7.3631077818510775,-5.170578047321818e-17,-0.129508679665103,1.500000000000003,-0.2936280717605788
3.0,4,38,7.55945732270044,-4.929955551381133e-17,-0.1264346466543546,1.500000000000003,-0.2865498146835905
3.0,4,39,7.755806863549802,-4.0330764680394784e-17,-0.12349720467439282,1.5000000000000027,-0.27979380316370583
3.0,4,40,7.9521564043991635,-4.8162280121084324e-17,-0.12068783075567666,1.5000000000000033,-0.2733392196246484
3.0,4,41,8.148505945248527,-3.070304097941717e-17,-0.1179986640278695,1.5000000000000022,-0.26716694244856104
3.0,4,42,8.344855486097888,-4.1140114086475017e-17,-0.11542244608283102,1.500000000000003,-0.2612593830782041
3.0,4,43,8.54120502694725,-2.8149458635692296e-17,-0.11295246723607467,1.5000000000000022,-0.2556003407118609
3.0,4,44,8.737554567796613,-2.6987700192328202e-17,-0.1105825180814495,1.5000000000000022,-0.2501748725416575
3.0,4,45,8.933904108645974,-2.5894782315445272e-17,-0.1083068457925696,1.5000000000000022,-0.24496917773159835
3.0,4,46,9.130253649495335,-2.486549485509973e-17,-0.10612011467926581,1.5000000000000022,-0.23997049354843095
3.0,4,47,9.326603190344699,-1.6726569935402264e-17,-0.10401737055773391,1.5000000000000016,-0.2351670022510559
3.0,4,48,9.52295273119406,-2.757513915928081e-17,-0.10199400853906976,1.5000000000000027,-0.23054774751297322
3.0,4,49,9.719302272043423,-2.653692933949007e-17,-0.1000457438826065,1.5000000000000027,-0.2261025593006652
3.0,4,50,9.915651812892785,-2.5555177470037268e-17,-0.09816858559810901,1.5000000000000027,-0.2218219862611817
3.0,4,51,10.112001353742146,-2.052161582549227e-17,-0.09635881251470488,1.5000000000000022,-0.21769723478582112
3.0,4,52,10.30835089459151,-2.374560139093359e-17,-0.0946129515647314,1.5000000000000027,-0.21372011401661523
3.0,4,53,10.50470043544087,-2.6729327200422352e-17,-0.09292775805775387,1.500000000000003,-0.20988298614959763
3.0,4,54,10.701049976290232,-2.580509006469818e-17,-0.0913001977441711,1.500000000000003,-0.20617872146485883
3.0,4,55,10.897399517139595,-2.1366195021228993e-17,-0.08972743048934327,1.5000000000000027,-0.2026006575804386
3.0,4,56,11.093749057988957,-3.097637519371677e-17,-0.0882067953983378,1.500000000000004,-0.19914256248532244
3.0,4,57,11.29009859883832,-2.1634644932699236e-17,-0.08673579724842875,1.5000000000000029,-0.19579860095812052
3.0,4,58,11.486448139687681,-1.771236500438295e-17,-0.08531209410164135,1.5000000000000024,-0.1925633040230535
3.0,4,59,11.682797680537043,-1.8705310247913686e-17,-0.08393348598310912,1.5000000000000027,-0.18943154113372312
3.0,4,60,11.879147221386406,-1.6607032000162944e-17,-0.08259790452299014,1.5000000000000024,-0.18639849481050982
3.0,4,61,12.075496762235767,-1.46293371375874e-17,-0.08130340347034627,1.5000000000000022,-0.18345963748731275
3.0,4,62,12.271846303085129,-1.9855538420247646e-17,-0.08004814999686888,1.500000000000003,-0.1806107103502777
3.0,4,63,12.468195843934492,-1.375563230300731e-17,-0.0788304167167706,1.5000000000000022,-0.1778477039749588
3.0,4,64,12.664545384783853,-1.3347499758914871e-17,-0.07764857435667741,1.5000000000000022,-0.17516684058879234
3.0,4,65,12.860894925633216,-1.2957058955309697e-17,-0.07650108501604674,1.5000000000000022,-0.17256455780469132
3.0,4,66,13.057244466482578,-1.635830750713229e-17,-0.07538649596460954,1.5000000000000029,-0.1700374936871662
3.0,4,67,13.25359400733194,-7.335201150035504e-18,-0.07430343392865453,1.5000000000000013,-0.16758247302757007
3.0,4,68,13.449943548181302,-9.505807321072672e-18,-0.07325059982273213,1.5000000000000018,-0.1651964947170759
3.0,4,69,13.646293089030664,-1.1553277919880468e-17,-0.072226763887602,1.5000000000000022,-0.1628767201177196
3.0,4,70,13.842642629880025,-1.1237637668303626e-17,-0.07123076119904635,1.5000000000000022,-0.16062046234222094
3.0,4,71,14.038992170729388,-1.2028097113386848e-17,-0.07026148751557779,1.5000000000000024,-0.15842517636114556
3.0,4,72,14.23534171157875,-1.2772328325200332e-17,-0.06931789543610899,1.5000000000000027,-0.15628844986563714
3.0,4,73,14.431691252428113,-1.2436728106848159e-17,-0.06839899084139225,1.5000000000000027,-0.15420799481920827
3.0,4,74,14.628040793277474,-1.0095054898269895e-17,-0.06750382959548114,1.5000000000000022,-0.15218163964004794
3.0,4,75,14.824390334126836,-1.1803690888620326e-17,-0.06663151448567366,1.5000000000000027,-0.15020732195982145
3.0,4,76,15.020739874976199,-9.587493695822198e-18,-0.06578119238137327,1.5000000000000022,-0.14828308191066353
3.0,4,77,15.21708941582556,-9.347830803261632e-18,-0.0649520515940864,1.5000000000000022,-0.1464070558965624
3.0,4,78,15.413438956674922,-9.116971180981138e-18,-0.06414331942238094,1.5000000000000022,-0.14457747080881256
3.0,4,79,15.609788497524285,-1.0673390792445801e-17,-0.0633542598670736,1.5000000000000027,-0.14279263865000635
3.0,4,80,15.806138038373646,-8.679996584517344e-18,-0.06258417150322292,1.5000000000000022,-0.14105095153302744
3.0,4,81,16.002487579223008,-8.473109422718717e-18,-0.061832385496679694,1.5000000000000022,-0.13935087702563415
3.0,4,82,16.19883712007237,-1.1582868996114828e-17,-0.061098263754015184,1.500000000000003,-0.13769095381301055
3.0,4,83,16.395186660921734,-1.1313076567498152e-17,-0.060381197195609033,1.500000000000003,-0.13606978765362737
3.0,4,84,16.591536201771095,-6.315734900903244e-18,-0.05968060414255309,1.5000000000000018,-0.13448604760566923
3.0,4,85,16.787885742620457,-6.943392121406701e-18,-0.05899592880881684,1.500000000000002,-0.13293846250341196
3.0,4,86,16.98423528346982,-7.541123183772202e-18,-0.05832663989084076,1.5000000000000022,-0.13142581766432207
3.0,4,87,17.18058482431918,-8.847759287774754e-18,-0.057672229247370366,1.5000000000000027,-0.12994695181014188
3.0,4,88,17.376934365168545,-7.931723881023862e-18,-0.05703221066294197,1.5000000000000024,-0.12850075418525653
3.0,4,89,17.573283906017906,-7.05346184918482e-18,-0.05640611868896357,1.5000000000000022,-0.1270861618586535
3.0,4,90,17.769633446867267,-7.591451207545786e-18,-0.05579350755682832,1.5000000000000024,-0.1257021571954649
3.0,4,91,17.96598298771663,-9.455624282235935e-18,-0.055193950157942644,1.500000000000003,-0.12434776548633322
3.0,4,92,18.16233252856599,-7.933624875461061e-18,-0.05460703708595887,1.5000000000000027,-0.12302205272282793
3.0,4,93,18.358682069415355,-8.415079163564576e-18,-0.0540323757368721,1.5000000000000029,-0.12172412350915146
3.0,4,94,18.555031610264717,-6.973105402613976e-18,-0.05346958946298261,1.5000000000000024,-0.1204531190999579
3.0,4,95,18.751381151114078,-9.313992103323213e-18,-0.0529183167770316,1.5000000000000033,-0.11920821555621947
3.0,4,96,18.94773069196344,-8.516756801315493e-18,-0.05237821060310534,1.500000000000003,-0.11798862201027682
3.0,4,97,19.1440802328128,-7.153487579032095e-18,-0.051848937571158694,1.5000000000000027,-0.11679357903324547
3.0,4,98,19.340429773662162,-8.179787671788969e-18,-0.05133017735224913,1.500000000000003,-0.1156223570974063
3.0,4,99,19.536779314511527,-8.018715605478715e-18,-0.050821622031788076,1.500000000000003,-0.11447425512765923
3.0,4,100,19.73312885536089,-6.177545873575181e-18,-0.05032297551831847,1.5000000000000024,-0.11334859913570268
3.0,4,101,19.92947839621025,-6.058214596395278e-18,-0.049833952985508974,1.5000000000000024,-0.1122447409316951
3.0,4,102,20.12582793705961,-6.482499675108459e-18,-0.04935428034522428,1.5000000000000027,-0.11116205690853594
3.0,4,103,20.322177477908973,-5.299680229600534e-18,-0.04888369374968699,1.5000000000000022,-0.11009994689362758
3.0,4,104,20.518527018758338,-4.680133550671771e-18,-0.04842193912088718,1.500000000000002,-0.10905783306422451
3.0,4,105,20.7148765596077,-6.12405804368994e-18,-0.04796877170552852,1.5000000000000027,-0.10803515892212155
3.0,4,106,20.91122610045706,-5.009279140906099e-18,-0.04752395565392024,1.5000000000000022,-0.10703138832387837
3.0,4,107,21.107575641306422,-5.901293071069282e-18,-0.04708726362133484,1.5000000000000027,-0.10604600456340066
3.0,4,108,21.303925182155783,-5.7944217477197016e-18,-0.046658476390456116,1.5000000000000027,-0.10507850950324528
3.0,4,109,21.50027472300515,-6.164616568956361e-18,-0.04623738251363427,1.5000000000000029,-0.10412842275215439
3.0,4,110,21.69662426385451,-5.123408259784879e-18,-0.04582377797375606,1.5000000000000024,-0.10319528088532068
3.0,4,111,21.89297380470387,-5.033047378889515e-18,-0.045417465862614866,1.5000000000000024,-0.10227863670556063
3.0,4,112,22.089323345553233,-4.495496902066708e-18,-0.045018256075743904,1.5000000000000022,-0.10137805854245482
3.0,4,113,22.285672886402594,-4.417567949121542e-18,-0.04462596502274361,1.5000000000000022,-0.10049312958724924
3.0,4,114,22.482022427251955,-4.341640112015416e-18,-0.04424041535219807,1.5000000000000022,-0.0996234472616643
3.0,4,115,22.67837196810132,-4.694410290502544e-18,-0.043861435690335966,1.5000000000000024,-0.09876862261833678
3.0,4,116,22.87472150895068,-5.034623907201599e-18,-0.043488860392645934,1.5000000000000027,-0.09792827977123089
3.0,4,117,23.071071049800043,-3.7126805073102205e-18,-0.0431225293077074,1.500000000000002,-0.09710205535422149
3.0,4,118,23.267420590649404,-4.462290838759061e-18,-0.04276228755254542,1.5000000000000024,-0.09628959800644683
3.0,4,119,23.463770131498766,-3.9897451604618586e-18,-0.04240798529886332,1.5000000000000022,-0.09549056788241785
3.0,4,120,23.66011967234813,-3.139597659668869e-18,-0.04205947756954544,1.5000000000000018,-0.09470463618610134
3.0,4,121,23.856469213197492,-4.632997336853964e-18,-0.04171662404486317,1.5000000000000027,-0.09393148472712369
3.0,4,122,24.052818754046854,-5.6980450675766336e-18,-0.04137928887785015,1.5000000000000033,-0.09317080549851989
3.0,4,123,24.249168294896215,-5.6070679468685735e-18,-0.04104734051834892,1.5000000000000033,-0.09242230027384765
3.0,4,124,24.445517835745576,-5.518245310119148e-18,-0.040720651545258155,1.5000000000000033,-0.09168568022361845
3.0,4,125,24.64186737659494,-3.621006587588481e-18,-0.04039909850654088,1.5000000000000022,-0.09096066554948819
3.0,4,126,24.838216917444303,-4.2774375855090264e-18,-0.04008256176658049,1.5000000000000027,-0.09024698513517888
3.0,4,127,25.034566458293664,-4.211235528816267e-18,-0.03977092536049457,1.5000000000000027,-0.08954437621368971
4.8,2,0,0.09817477042468103,1.205871068634193e-14,-0.02319766042464927,2.3999999999775854,-42.99802182762197
4.8,2,1,0.2945243112740431,1.0423274073253486e-13,-0.06785492053406286,2.3999999999773096,-14.408872981466404
4.8,2,2,0.4908738521234052,2.623529958656051e-13,-0.10778642337948538,2.399999999977287,-8.732839230620467
4.8,2,3,0.6872233929727672,4.4838908675708225e-13,-0.14118518902645671,2.399999999977281,-6.325079937330946
4.8,2,4,0.8835729338221293,6.288356296290066e-13,-0.16752733662968677,2.3999999999772794,-5.001838459784202
4.8,2,5,1.0799224746714913,7.828127149948224e-13,-0.18723404811740502,2.3999999999772785,-4.167369433457987
4.8,2,6,1.2762720155208536,9.017480902889342e-13,-0.20121896488640437,2.3999999999772776,-3.5928289891390732
4.8,2,7,1.4726215563702154,9.853885976680326e-13,-0.21053542455593036,2.3999999999772763,-3.1719052237002665
4.8,2,8,1.6689710972195777,1.0376675973472764e-12,-0.21617527381792317,2.3999999999772763,-2.848817215228485
4.8,2,9,1.8653206380689396,1.0642044654988845e-12,-0.21898525730348015,2.399999999977276,-2.591704188900329
4.8,2,10,2.061670178918302,1.070554672903677e-12,-0.21965115420205938,2.3999999999772754,-2.381177794150542
4.8,2,11,2.2580197197676637,1.0616601362139727e-12,-0.2187126772929559,2.399999999977275,-2.20483261452229
4.8,2,12,2.454369260617026,1.0415854945835e-12,-0.21658821556422136,2.3999999999772754,-2.0543930000415846
4.8,2,13,2.650718801466388,1.0136566801788529e-12,-0.21359969074264878,2.399999999977276,-1.9241360714962645
4.8,2,14,2.84706834231575,9.804930969685294e-13,-0.20999394142594408,2.399999999977275,-1.8099768354713455
4.8,2,15,3.043417883165112,9.439588160741102e-13,-0.2059599092936056,2.399999999977275,-1.7089160115181148
4.8,2,16,3.2397674240144743,9.055566934264795e-13,-0.2016420179576143,2.3999999999772754,-1.6186954014414778
4.8,2,17,3.436116964863836,8.66423995026866e-13,-0.19715044501877158,2.3999999999772754,-1.5375763530542956
4.8,2,18,3.6324665057131984,8.273638914603799e-13,-0.19256897535759976,2.399999999977275,-1.464193499058068
4.8,2,19,3.8288160465625602,7.889054664922409e-13,-0.18796100951576614,2.3999999999772754,-1.3974557849286884
4.8,2,20,4.025165587411922,7.515153359567074e-13,-0.18337417459501382,2.399999999977275,-1.3364779385490833
4.8,2,21,4.221515128261284,7.154186069074453e-13,-0.17884387642511637,2.399999999977275,-1.2805319845714107
4.8,2,22,4.417864669110647,6.808027238416969e-13,-0.174396046719653,2.399999999977275,-1.2290122410486934
4.8,2,23,4.614214209960009,6.477657013916211e-13,-0.17004927504589076,2.399999999977275,-1.181409568866558
4.8,2,24,4.81056375080937,6.163630600094622e-13,-0.16581646818164095,2.3999999999772745,-1.1372920940003812
4.8,2,25,5.006913291658733,5.865739706387201e-13,-0.1617061445899222,2.3999999999772745,-1.0962905408469539
4.8,2,26,5.203262832508095,5.583866531467832e-13,-0.15772344595636226,2.3999999999772745,-1.0580869072830097
4.8,2,27,5.399612373357457,5.317569886646695e-13,-0.15387092851839798,2.3999999999772745,-1.0224056010144247
4.8,2,28,5.595961914206819,5.066177556976516e-13,-0.15014918248029518,2.399999999977275,-0.9890064164066708
4.8,2,29,5.792311455056181,4.829141019518815e-13,-0.14655731687818763,2.3999999999772754,-0.9576789071238644
4.8,2,30,5.988660995905543,4.605935063277157e-13,-0.1430933389236048,2.399999999977275,-0.9282378312737232
4.8,2,31,6.1850105367549055,4.3956367795872766e-13,-0.13975445045663124,2.3999999999772745,-0.9005194306508418
4.8,2,32,6.381360077604267,4.1974369996079465e-13,-0.1365372792039593,2.3999999999772745,-0.8743783659157236
4.8,2,33,6.577709618453629,4.0107092282194606e-13,-0.13343805871180758,2.3999999999772745,-0.8496851728939493
4.8,2,34,6.7740591593029915,3.834757745760388e-13,-0.1304527678480472,2.3999999999772745,-0.8263241367823099
4.8,2,35,6.970408700152354,3.66884219299629e-13,-0.12757723844591656,2.399999999977275,-0.8041915043796949
4.8,2,36,7.166758241001715,3.5124713510576445e-13,-0.1248072378449951,2.399999999977275,-0.7831939718902396
4.8,2,37,7.3631077818510775,3.3650315942698776e-13,-0.122138531660421,2.3999999999772745,-0.7632473990140236
4.8,2,38,7.55945732270044,3.2257553607732106e-13,-0.11956693099182097,2.399999999977275,-0.7442757100936768
4.8,2,39,7.755806863549802,3.0943643024730766e-13,-0.11708832740211163,2.3999999999772745,-0.7262099508365752
4.8,2,40,7.9521564043991635,2.970166797442691e-13,-0.11469871830141062,2.3999999999772745,-0.7089874751640444
4.8,2,41,8.148505945248527,2.8527559145163934e-13,-0.11239422482253049,2.3999999999772745,-0.6925512414733836
4.8,2,42,8.344855486097888,2.7416928804690994e-13,-0.11017110384058121,2.3999999999772745,-0.676849201344502
4.8,2,43,8.54120502694725,2.636568589896679e-13,-0.10802575544563303,2.3999999999772745,-0.6618337667091535
4.8,2,44,8.737554567796613,2.536952400926816e-13,-0.10595472690506016,2.399999999977275,-0.6474613438979058
4.8,2,45,8.933904108645974,2.4425428874522827e-13,-0.10395471393610309,2.3999999999772754,-0.6336919249169798
4.8,2,46,9.130253649495335,2.3531477363741393e-13,-0.1020225599375851,2.3999999999772745,-0.6204887278816142
4.8,2,47,9.326603190344699,2.2682232301996874e-13,-0.10015525369334191,2.3999999999772745,-0.6078178798198466
4.8,2,48,9.52295273119406,2.1875367001313382e-13,-0.09834992595146755,2.399999999977275,-0.5956481361187518
4.8,2,49,9.719302272043423,2.1109510138899662e-13,-0.0966038451972034,2.3999999999772745,-0.5839506317589138
4.8,2,50,9.915651812892785,2.0380911290511076e-13,-0.09491441286863889,2.3999999999772745,-0.5726986602083046
4.8,2,51,10.112001353742146,1.968731763721421e-13,-0.0932791582097619,2.399999999977275,-0.5618674764510679
4.8,2,52,10.30835089459151,1.902774757115526e-13,-0.09169573291193298,2.3999999999772745,-0.55143412113284
4.8,2,53,10.50470043544087,1.839869958144356e-13,-0.09016190566030208,2.399999999977275,-0.5413772632291319
4.8,2,54,10.701049976290232,1.7799786305331542e-13,-0.0886755566742336,2.3999999999772745,-0.5316770590020545
4.8,2,55,10.897399517139595,1.7228205239533032e-13,-0.08723467230902748,2.3999999999772745,-0.5223150253139228
4.8,2,56,11.093749057988957,1.6682709487863995e-13,-0.08583733976897556,2.3999999999772745,-0.5132739256239875
4.8,2,57,11.29009859883832,1.6161801288677952e-13,-0.08448174196816573,2.3999999999772745,-0.504537667214124
4.8,2,58,11.486448139687681,1.5664083479048741e-13,-0.08316615256471281,2.3999999999772745,-0.4960912083766364
4.8,2,59,11.682797680537043,1.518825202947375e-13,-0.08188893118567361,2.3999999999772745,-0.4879204744582004
4.8,2,60,11.879147221386406,1.473308915320968e-13,-0.08064851885332891,2.3999999999772745,-0.4800122817919934
4.8,2,61,12.075496762235767,1.4297456949327967e-13,-0.07944343361841655,2.3999999999772745,-0.47235426866894625
4.8,2,62,12.271846303085129,1.3880291540241048e-13,-0.07827226640197554,2.3999999999772745,-0.46493483260186536
4.8,2,63,12.468195843934492,1.34805976664085e-13,-0.07713367704447488,2.3999999999772745,-0.4577430732251267
4.8,2,64,12.664545384783853,1.3097443703057534e-13,-0.07602639055865976,2.3999999999772745,-0.45076874024974256
4.8,2,65,12.860894925633216,1.2729957065952915e-13,-0.07494919358089708,2.3999999999772745,-0.44400218596091
4.8,2,66,13.057244466482578,1.237707810338109e-13,-0.07390093101462017,2.399999999977275,-0.4374343218034839
4.8,2,67,13.25359400733194,1.20387655503284e-13,-0.07288050285865683,2.3999999999772745,-0.4310565786521701
4.8,2,68,13.449943548181302,1.1713116401768807e-13,-0.07188686121270199,2.3999999999772754,-0.42486087040771287
4.8,2,69,13.646293089030664,1.1401070323786617e-13,-0.0709190074518936,2.3999999999772745,-0.4188395605998605
4.8,2,70,13.842642629880025,1.1100402272633028e-13,-0.06997598956232644,2.399999999977275,-0.41298543171221574
4.8,2,71,14.038992170729388,1.0811412904121625e-13,-0.069056899629346,2.399999999977275,-0.4072916569744929
4.8,2,72,14.23534171157875,1.0533524088821754e-13,-0.06816087147057358,2.3999999999772745,-0.4017517743944053
4.8,2,73,14.431691252428113,1.0265790771442942e-13,-0.06728707840579755,2.3999999999772745,-0.3963596628251735
4.8,2,74,14.628040793277474,1.0007926878494e-13,-0.06643473115610474,2.3999999999772745,-0.39110951988549225
4.8,2,75,14.824390334126836,9.759463794705783e-14,-0.06560307586490284,2.3999999999772745,-0.38599584156730093
4.8,2,76,15.020739874976199,9.519959726082918e-14,-0.06479139223378697,2.3999999999772745,-0.38101340338328626
4.8,2,77,15.21708941582556,9.288997928881661e-14,-0.06399899176652177,2.3999999999772745,-0.3761572429205332
4.8,2,78,15.413438956674922,9.066185069087533e-14,-0.06322521611473535,2.3999999999772745,-0.371422643679926
4.8,2,79,15.609788497524285,8.85080377151133e-14,-0.06246943551924904,2.3999999999772754,-0.3668051200924299
4.8,2,80,15.806138038373646,8.643540862172347e-14,-0.061731047341291104,2.3999999999772745,-0.3623004036137305
4.8,2,81,16.002487579223008,8.44286176569953e-14,-0.06100947467815958,2.399999999977275,-0.35790442980809956
4.8,2,82,16.19883712007237,8.249293544927437e-14,-0.060304165058209167,2.3999999999772745,-0.3536133263406066
4.8,2,83,16.395186660921734,8.062044221933432e-14,-0.05961458921033468,2.3999999999772745,-0.3494234018041759
4.8,2,84,16.591536201771095,7.880997558977786e-14,-0.05894023990340939,2.3999999999772745,-0.34533113531485227
4.8,2,85,16.787885742620457,7.70573654939551e-14,-0.0582806308514108,2.399999999977275,-0.3413331668144386
4.8,2,86,16.98423528346982,7.536460425692305e-14,-0.0576352956802259,2.3999999999772745,-0.33742628802528
4.8,2,87,17.18058482431918,7.372189825792014e-14,-0.057003786952375096,2.3999999999772754,-0.3336074340066715
4.8,2,88,17.376934365168545,7.213712553760637e-14,-0.05638567524612771,2.3999999999772745,-0.3298736752669572
4.8,2,89,17.573283906017906,7.059948528246083e-14,-0.055780548285702836,2.3999999999772745,-0.3262222103890802
4.8,2,90,17.769633446867267,6.910846026593177e-14,-0.05518801011945645,2.399999999977275,-0.3226503591313089
4.8,2,91,17.96598298771663,6.766615607121675e-14,-0.05460768034315233,2.3999999999772745,-0.31915555596773915
4.8,2,92,18.16233252856599,6.626667140268697e-14,-0.05403919336559764,2.3999999999772745,-0.3157353440363985
4.8,2,93,18.358682069415355,6.491086609455284e-14,-0.053482197714096125,2.399999999977274,-0.3123873694653414
4.8,2,94,18.555031610264717,6.359077575675308e-14,-0.05293635537733528,2.3999999999772754,-0.3091093760494433
4.8,2,95,18.751381151114078,6.231606888946169e-14,-0.052401341183472956,2.3999999999772745,-0.3058992002530989
4.8,2,96,18.94773069196344,6.107650377163246e-14,-0.05187684221133346,2.3999999999772745,-0.302754766515678
4.8,2,97,19.1440802328128,5.987312060640222e-14,-0.051362557232753764,2.3999999999772745,-0.2996740828387606
4.8,2,98,19.340429773662162,5.87045419932807e-14,-0.05085819618424636,2.3999999999772745,-0.29665523663550436
4.8,2,99,19.536779314511527,5.75694546205668e-14,-0.05036347966626023,2.3999999999772745,-0.2936963908243922
4.8,2,100,19.73312885536089,5.646660576883271e-14,-0.04987813846843075,2.3999999999772745,-0.2907957801505667
4.8,2,101,19.92947839621025,5.539263503056498e-14,-0.04940191311931036,2.3999999999772754,-0.28795170771967465
4.8,2,102,20.12582793705961,5.435289623846326e-14,-0.04893455345916701,2.3999999999772745,-0.28516254172993505
4.8,2,103,20.322177477908973,5.3339804565906126e-14,-0.04847581823452561,2.3999999999772745,-0.2824267123893598
4.8,2,104,20.518527018758338,5.235448382439479e-14,-0.04802547471321047,2.3999999999772745,-0.2797427090061784
4.8,2,105,20.7148765596077,5.139593890842682e-14,-0.047583298318724584,2.3999999999772745,-0.2771090772410483
4.8,2,106,20.91122610045706,5.046321839938876e-14,-0.04714907228287298,2.3999999999772745,-0.274524416510823
4.8,2,107,21.107575641306422,4.955444392092206e-14,-0.046722587315605434,2.399999999977275,-0.27198737753415747
4.8,2,108,21.303925182155783,4.867164996613835e-14,-0.046303641291116755,2.3999999999772745,-0.26949666001008804
4.8,2,109,21.50027472300515,4.781109800168537e-14,-0.045892038949301765,2.3999999999772745,-0.2670510104211462
4.8,2,110,21.69662426385451,4.6972040559616594e-14,-0.04548759161171678,2.399999999977275,-0.26464921995348534
4.8,2,111,21.89297380470387,4.61573691075376e-14,-0.04509011691125185,2.399999999977274,-0.2622901225266451
4.8,2,112,22.089323345553233,4.536089167444017e-14,-0.04469943853476486,2.3999999999772745,-0.25997259292635927
4.8,2,113,22.285672886402594,4.458465894145855e-14,-0.0443153859779745,2.399999999977275,-0.2576955450343025
4.8,2,114,22.482022427251955,4.3829709792362624e-14,-0.04393779431195116,2.3999999999772745,-0.2554579301487151
4.8,2,115,22.67837196810132,4.3091942873547875e-14,-0.043566503960583536,2.399999999977275,-0.253258735390751
4.8,2,116,22.87472150895068,4.237330844818033e-14,-0.04320136048843627,2.399999999977275,-0.25109698219139
4.8,2,117,23.071071049800043,4.167317007243008e-14,-0.042842214398448084,2.3999999999772745,-0.2489717248542356
4.8,2,118,23.267420590649404,4.0989315116770436e-14,-0.0424889209389522,2.3999999999772745,-0.2468820491897703
4.8,2,119,23.463770131498766,4.032123575609309e-14,-0.042141339919531166,2.399999999977275,-0.24482707121705624
4.8,2,120,23.66011967234813,3.967076950298507e-14,-0.04179933553524641,2.3999999999772745,-0.24280593592891386
4.8,2,121,23.856469213197492,3.9035046711246104e-14,-0.041462776198809434,2.3999999999772745,-0.2408178161170827
4.8,2,122,24.052818754046854,3.8413618500779394e-14,-0.041131534380286515,2.399999999977275,-0.23886191125396328
4.8,2,123,24.249168294896215,3.7808269466061693e-14,-0.04080548645395169,2.3999999999772745,-0.23693744642785475
4.8,2,124,24.445517835745576,3.7216298014467244e-14,-0.040484512551925714,2.3999999999772745,-0.23504367132853557
4.8,2,125,24.64186737659494,3.663730636031893e-14,-0.040168496424257405,2.399999999977275,-0.23317985928075846
4.8,2,126,24.838216917444303,3.607302619669741e-14,-0.039857325305125216,2.3999999999772745,-0.23134530632272693
4.8,2,127,25.034566458293664,3.552090900674604e-14,-0.03955088978485289,2.3999999999772745,-0.22953933032733662
4.8,4,0,0.09817477042468103,-1.76458499208828e-16,-0.02379463723059939,2.4000000000003117,-41.91620426511352
4.8,4,1,0.2945243112740431,-1.3842590495937155e-16,-0.0693327117468427,2.4000000000000288,-14.09401556271038
4.8,4,2,0.4908738521234052,-1.0577043082723623e-16,-0.10945330070210017,2.400000000000009,-8.59071602325287
4.8,4,3,0.6872233929727672,-8.919241839596383e-17,-0.14243624387402598,2.4000000000000044,-6.26224347931419
4.8,4,4,0.8835729338221293,-7.424556581389304e-17,-0.1681013231067076,2.4000000000000026,-4.981169558175239
4.8,4,5,1.0799224746714913,-7.645542413353962e-17,-0.18717810688843076,2.400000000000002,-4.168993621784433
4.8,4,6,1.2762720155208536,-7.016067344945228e-17,-0.20073033284637057,2.4000000000000017,-3.605170927572485
4.8,4,7,1.4726215563702154,-3.8262273232278417e-17,-0.20982811602410995,2.400000000000001,-3.1882699361241107
4.8,4,8,1.6689710972195777,-2.0140004067782787e-17,-0.21541468292083357,2.4000000000000004,-2.865530655151865
4.8,4,9,1.8653206380689396,-2.0665725017002212e-17,-0.21827419821426475,2.4000000000000004,-2.6069357952760273
4.8,4,10,2.061670178918302,-2.0807667189209943e-17,-0.2190404421145296,2.4000000000000004,-2.394176572198139
4.8,4,11,2.2580197197676637,0.0,-0.2182180527527136,2.4,-2.215443535963215
4.8,4,12,2.454369260617026,0.0,-0.21620524954660464,2.4,-2.06276271042573
4.8,4,13,2.650718801466388,-1.9757870006759423e-17,-0.2133143213700196,2.4000000000000004,-1.9305418184151426
4.8,4,14,2.84706834231575,-3.8248300425803596e-17,-0.2097889562292656,2.400000000000001,-1.8147323287039732
4.8,4,15,3.043417883165112,0.0,-0.20581846705372053,2.4,-1.7123233937065472
4.8,4,16,3.2397674240144743,0.0,-0.2015492775656605,2.4,-1.6210237243795862
4.8,4,17,3.436116964863836,-1.6922441624233512e-17,-0.19709410033957733,2.4000000000000004,-1.5390545705408802
4.8,4,18,3.6324665057131984,-1.616338777687615e-17,-0.19253922006053717,2.4000000000000004,-1.465010902061972
4.8,4,19,3.8288160465625602,0.0,-0.18795024576035504,2.4,-1.3977658532655204
4.8,4,20,4.025165587411922,-1.4686453591457104e-17,-0.18337663919209476,2.4000000000000004,-1.3364034130395315
4.8,4,21,4.221515128261284,1.3982419003797495e-17,-0.1788552720859947,2.3999999999999995,-1.28017002950363
4.8,4,22,4.417864669110647,0.0,-0.17441321671973478,2.4,-1.228439168626604
4.8,4,23,4.614214209960009,1.2661628485673036e-17,-0.1700699332285647,2.3999999999999995,-1.1806849247465743
4.8,4,24,4.81056375080937,0.0,-0.16583898324676,2.4,-1.1364620721260752
4.8,4,25,5.006913291658733,-2.2931636539790215e-17,-0.16172937208001129,2.400000000000001,-1.0953907759972619
4.8,4,26,5.203262832508095,1.0914908103043749e-17,-0.15774659971619961,2.3999999999999995,-1.05714472566238
4.8,4,27,5.399612373357457,-1.039436949891404e-17,-0.15389348363857192,2.4000000000000004,-1.0214418160943943
4.8,4,28,5.595961914206819,0.0,-0.15017080274667874,2.4,-0.9880367520923548
4.8,4,29,5.792311455056181,0.0,-0.14657780097544218,2.4,-0.9567151202322765
4.8,4,30,5.988660995905543,-9.003285620399123e-18,-0.1431125808172115,2.4000000000000004,-0.9272885939496942
4.8,4,31,6.1850105367549055,0.0,-0.13977241039799693,2.4,-0.8995910224950014
4.8,4,32,6.381360077604267,0.0,-0.13655396263998595,2.4,-0.873475216011498
4.8,4,33,6.577709618453629,0.0,-0.13345350104381248,2.4,-0.8488102838170508
4.8,4,34,6.7740591593029915,-7.495337052045951e-18,-0.130467023499335,2.4000000000000004,-0.8254794160111416
4.8,4,35,6.970408700152354,-7.171092744828435e-18,-0.12759037309003599,2.4000000000000004,-0.8033780231410402
4.8,4,36,7.166758241001715,6.865368466627137e-18,-0.1248193229433202,2.3999999999999995,-0.7824121671773364
4.8,4,37,7.3631077818510775,0.0,-0.12214964067998021,2.4,-0.7624972311119182
4.8,4,38,7.55945732270044,-6.3048193450099036e-18,-0.11957713683994194,2.4000000000000004,-0.7435567852685888
4.8,4,39,7.755806863549802,-6.047830649571409e-18,-0.1170977007373835,2.4000000000000004,-0.7255216167450081
4.8,4,40,7.9521564043991635,-5.8050333649824564e-18,-0.11470732647142233,2.4000000000000004,-0.7083288948932545
4.8,4,41,8.148505945248527,0.0,-0.11240213124597816,2.4,-0.6919214508399785
4.8,4,42,8.344855486097888,-1.071679301469126e-17,-0.11017836770080329,2.400000000000001,-0.6762471530742367
4.8,4,43,8.54120502694725,-5.152898202163918e-18,-0.10803243159902017,2.4000000000000004,-0.6612583643369866
4.8,4,44,8.737554567796613,4.958267706715067e-18,-0.10596086593450896,2.3999999999999995,-0.6469114676150165
4.8,4,45,8.933904108645974,0.0,-0.10396036229928425,2.4,-0.633166451112439
4.8,4,46,9.130253649495335,0.0,-0.1020277601741471,2.4,-0.6199865437515575
4.8,4,47,9.326603190344699,-4.4328828782649245e-18,-0.10016004466565165,2.4000000000000004,-0.6073378941235078
4.8,4,48,9.52295273119406,0.0,-0.09835434310113052,2.4,-0.5951892869303396
4.8,4,49,9.719302272043423,0.0,-0.09660792080515172,2.4,-0.5835118918835528
4.8,4,50,9.915651812892785,-3.9830614420294705e-18,-0.09491817631058798,2.4000000000000004,-0.5722790407880837
4.8,4,51,10.112001353742146,-3.847568869899528e-18,-0.09328263620172117,2.4000000000000004,-0.5614660291753396
4.8,4,52,10.30835089459151,0.0,-0.0916989497425135,2.4,-0.5510499393788807
4.8,4,53,10.50470043544087,-7.191397630375355e-18,-0.09016488340802171,2.400000000000001,-0.5410094823895498
4.8,4,54,10.701049976290232,-6.957141267044981e-18,-0.08867831540903277,2.400000000000001,-0.5313248562006496
4.8,4,55,10.897399517139595,0.0,-0.08723723027790689,2.4,-0.5219776186680889
4.8,4,56,11.093749057988957,3.2602405215347838e-18,-0.0858397135661287,2.3999999999999995,-0.512950573177762
4.8,4,57,11.29009859883832,0.0,-0.08448394669027869,2.4,-0.5042276656385429
4.8,4,58,11.486448139687681,0.0,-0.08316820195228254,2.4,-0.4957938915128285
4.8,4,59,11.682797680537043,-2.968158386293466e-18,-0.0818908377512903,2.4000000000000004,-0.4876352117616145
4.8,4,60,11.879147221386406,-5.758402139506092e-18,-0.08065029399790721,2.400000000000001,-0.47973847672264297
4.8,4,61,12.075496762235767,-2.794061412593188e-18,-0.07944508773635604,2.4000000000000004,-0.47209135706214345
4.8,4,62,12.271846303085129,-5.425062816246911e-18,-0.07827380897620387,2.400000000000001,-0.4646822810452097
4.8,4,63,12.468195843934492,0.0,-0.07713511673227917,2.4,-0.4575003774613617
4.8,4,64,12.664545384783853,-5.1190689198849255e-18,-0.07602773526915989,2.400000000000001,-0.45053542361939036
4.8,4,65,12.860894925633216,-2.487714782947805e-18,-0.07495045054495007,2.4000000000000004,-0.44377779789508925
4.8,4,66,13.057244466482578,-4.837595128500952e-18,-0.0739021068478875,2.400000000000001,-0.4372184363734688
4.8,4,67,13.25359400733194,0.0,-0.07288160361850157,2.4,-0.43084879318039954
4.8,4,68,13.449943548181302,-2.2890800636740652e-18,-0.07188789244952536,2.4000000000000004,-0.4246608041426765
4.8,4,69,13.646293089030664,-4.456014068503187e-18,-0.07091997425546495,2.400000000000001,-0.41864685345581876
4.8,4,70,13.842642629880025,-2.1692897175088986e-18,-0.0699768966036062,2.4000000000000004,-0.4127997430739102
4.8,4,71,14.038992170729388,0.0,-0.0690577511982554,2.4,-0.40711266456566086
4.8,4,72,14.23534171157875,-2.0584626252250682e-18,-0.068161671510118,2.4000000000000004,-0.4015791732087825
4.8,4,73,14.431691252428113,0.0,-0.06728783054291046,2.4,-0.3961931641179481
4.8,4,74,14.628040793277474,-1.955746114585694e-18,-0.06643543872954259,2.4000000000000004,-0.3909488502229422
4.8,4,75,14.824390334126836,-3.8143792824535574e-18,-0.06560374195048665,2.400000000000001,-0.3858407419321523
4.8,4,76,15.020739874976199,1.860384132545732e-18,-0.06479201966725734,2.3999999999999995,-0.380863628333151
4.8,4,77,15.21708941582556,-3.630496259020926e-18,-0.06399958316424495,2.400000000000001,-0.37601255979689435
4.8,4,78,15.413438956674922,-1.7717047497448135e-18,-0.06322577389247531,2.4000000000000004,-0.3712828318649239
4.8,4,79,15.609788497524285,-1.7296813901962804e-18,-0.06246996190919712,2.4000000000000004,-0.3666699703108671
4.8,4,80,15.806138038373646,1.6891094514270439e-18,-0.06173154440752525,2.3999999999999995,-0.3621697172777797
4.8,4,81,16.002487579223008,-3.2998481636323056e-18,-0.06100994433068808,2.400000000000001,-0.35777801840216644
4.8,4,82,16.19883712007237,0.0,-0.06030460906573708,2.4,-0.35349101084400353
4.8,4,83,16.395186660921734,-1.5754709748432753e-18,-0.059615009211877186,2.4000000000000004,-0.3493050121493599
4.8,4,84,16.591536201771095,-4.620270658302332e-18,-0.05894063741886411,2.4000000000000012,-0.3452165098789534
4.8,4,85,16.787885742620457,-3.0117392030872532e-18,-0.05828100729118895,2.400000000000001,-0.34122215194209427
4.8,4,86,16.98423528346982,0.0,-0.05763565235403226,2.4,-0.3373187375807904
4.8,4,87,17.18058482431918,-1.440713908708622e-18,-0.05700412507721801,2.4000000000000004,-0.33350320895363417
4.8,4,88,17.376934365168545,0.0,-0.05638599595363159,2.4,-0.3297726432735936
4.8,4,89,17.573283906017906,-1.3796387642045425e-18,-0.0557808526287888,2.4000000000000004,-0.326124245457717
4.8,4,90,17.769633446867267,-1.3505272973034713e-18,-0.055188299078450014,2.4000000000000004,-0.3225553412503266
4.8,4,91,17.96598298771663,0.0,-0.05460795483137115,2.4,-0.31906337078468805
4.8,4,92,18.16233252856599,0.0,-0.054039454234467106,2.4,-0.3156458825508594
4.8,4,93,18.358682069415355,-1.2684462291986994e-18,-0.05348244575783637,2.4000000000000004,-0.31230052774022315
4.8,4,94,18.555031610264717,0.0,-0.05293659133725783,2.4,-0.30902505493961135
4.8,4,95,18.751381151114078,-1.2177633180635354e-18,-0.052401565751922737,2.4000000000000004,-0.3058173051502088
4.8,4,96,18.94773069196344,-1.1935396904940738e-18,-0.05187705603530782,2.4000000000000004,-0.3026752071081041
4.8,4,97,19.1440802328128,0.0,-0.05136276091722709,2.4,-0.29959677288573455
4.8,4,98,19.340429773662162,-2.2943735771500886e-18,-0.05085839029522626,2.400000000000001,-0.2965800937545652
4.8,4,99,19.536779314511527,0.0,-0.05036366473359903,2.4,-0.29362333629117304
4.8,4,100,19.73312885536089,-1.1034530894507054e-18,-0.04987831498841342,2.4000000000000004,-0.2907247387103289
4.8,4,101,19.92947839621025,0.0,-0.0494020815570382,2.4,-0.2878826074096916
4.8,4,102,20.12582793705961,-1.0621470893398985e-18,-0.0489347142507548,2.4000000000000004,-0.2850953137120473
4.8,4,103,20.322177477908973,0.0,-0.048475971789127756,2.4,-0.28236129079225336
4.8,4,104,20.518527018758338,0.0,-0.04802562141489118,2.4,-0.2796790307764372
4.8,4,105,20.7148765596077,0.0,-0.04758343852818448,2.4,-0.27704708200282985
4.8,4,106,20.91122610045706,-9.861353651215428e-19,-0.0471492063390447,2.4000000000000004,-0.27446404643328315
4.8,4,107,21.107575641306422,-9.683951303604961e-19,-0.04672271553712888,2.4000000000000004,-0.27192857720633185
4.8,4,108,21.303925182155783,-1.9022495304965975e-18,-0.04630376397770376,2.400000000000001,-0.26943937632273235
4.8,4,109,21.50027472300515,-1.86861596675603e-18,-0.04589215638299934,2.400000000000001,-0.2669951924551138
4.8,4,110,21.69662426385451,-9.179291908034984e-19,-0.04548770405807729,2.4000000000000004,-0.26459481887418307
4.8,4,111,21.89297380470387,0.0,-0.04509022462041721,2.4,-0.2622370914843176
4.8,4,112,22.089323345553233,-8.86426454097525e-19,-0.04469954174247214,2.4000000000000004,-0.25992088696171306
4.8,4,113,22.285672886402594,-8.71274482249555e-19,-0.04431548490648877,2.4000000000000004,-0.25764512098929243
4.8,4,114,22.482022427251955,0.0,-0.043937889170931575,2.4,-0.2554087465820117
4.8,4,115,22.67837196810132,0.0,-0.04356659494788766,2.4,-0.2532107524978388
4.8,4,116,22.87472150895068,-1.6561197352791288e-18,-0.0432014477908677,2.400000000000001,-0.251050161728785
4.8,4,117,23.071071049800043,0.0,-0.042842298192451556,2.4,-0.24892603006772762
4.8,4,118,23.267420590649404,-1.6019959823566962e-18,-0.04248900139126025,2.400000000000001,-0.24683744474644176
4.8,4,119,23.463770131498766,0.0,-0.04214141718776615,2.4,-0.24478352314078944
4.8,4,120,23.66011967234813,0.0,-0.041799409768481045,2.4,-0.2427634115392692
4.8,4,121,23.856469213197492,-1.5256162789142198e-18,-0.04146284753808924,2.400000000000001,-0.2407762839712947
4.8,4,122,24.052818754046854,0.0,-0.041131602959116664,2.4,-0.2388213410919214
4.8,4,123,24.249168294896215,0.0,-0.04080555239875148,2.4,-0.23689780911976507
4.8,4,124,24.445517835745576,-1.4545332319364045e-18,-0.040484575982452226,2.400000000000001,-0.23500493882538126
4.8,4,125,24.64186737659494,0.0,-0.0401685574540013,2.4,-0.23314200456718415
4.8,4,126,24.838216917444303,-7.049251056589395e-19,-0.039857384041680474,2.4000000000000004,-0.23130830337217684
4.8,4,127,25.034566458293664,0.0,-0.039550946330262196,2.4,-0.22950315405955482
